Date,Close_SMA
2014-09-17,
2014-09-18,
2014-09-19,
2014-09-20,
2014-09-21,
2014-09-22,
2014-09-23,
2014-09-24,
2014-09-25,
2014-09-26,
2014-09-27,
2014-09-28,
2014-09-29,
2014-09-30,
2014-10-01,405.61126505533855
2014-10-02,400.12713012695315
2014-10-03,395.79859619140626
2014-10-04,391.40326334635415
2014-10-05,385.5103312174479
2014-10-06,380.9275309244792
2014-10-07,376.5298645019531
2014-10-08,371.0064656575521
2014-10-09,367.12786661783855
2014-10-10,363.7937337239583
2014-10-11,360.98533528645834
2014-10-12,359.58727010091144
2014-10-13,360.46947021484374
2014-10-14,362.1630025227865
2014-10-15,362.6849365234375
2014-10-16,362.6143371582031
2014-10-17,363.1934041341146
2014-10-18,365.3220703125
2014-10-19,369.3674031575521
2014-10-20,373.5230692545573
2014-10-21,377.282802327474
2014-10-22,380.41420084635416
2014-10-23,380.7793334960937
2014-10-24,380.3339335123698
2014-10-25,379.3811991373698
2014-10-26,378.87486572265624
2014-10-27,377.1708658854167
2014-10-28,374.9844665527344
2014-10-29,370.6325337727865
2014-10-30,367.3346659342448
2014-10-31,364.3856669108073
2014-11-01,360.5184000651042
2014-11-02,356.1484008789063
2014-11-03,352.0156005859375
2014-11-04,348.52540079752606
2014-11-05,345.39279988606773
2014-11-06,343.1349344889323
2014-11-07,342.06813557942706
2014-11-08,341.21100260416665
2014-11-09,342.27720336914064
2014-11-10,343.0918701171875
2014-11-11,344.07226969401046
2014-11-12,348.46846923828133
2014-11-13,354.14473470052087
2014-11-14,357.64560139973963
2014-11-15,360.1664001464844
2014-11-16,364.30859985351566
2014-11-17,368.40966593424486
2014-11-18,371.58593343098966
2014-11-19,374.92346598307296
2014-11-20,376.14706624348963
2014-11-21,376.25093180338547
2014-11-22,376.95126546223963
2014-11-23,378.4235982259115
2014-11-24,379.33273111979173
2014-11-25,379.8943298339844
2014-11-26,379.9393290201823
2014-11-27,376.3465962727865
2014-11-28,373.39406331380206
2014-11-29,371.9055969238281
2014-11-30,372.0331970214844
2014-12-01,371.4573974609375
2014-12-02,371.0511983235677
2014-12-03,371.0386657714844
2014-12-04,370.3085998535156
2014-12-05,371.5762003580729
2014-12-06,373.1720011393229
2014-12-07,374.65033365885415
2014-12-08,374.2727335611979
2014-12-09,372.6272664388021
2014-12-10,370.6950663248698
2014-12-11,369.50413411458334
2014-12-12,368.362266031901
2014-12-13,366.4242004394531
2014-12-14,364.83359985351564
2014-12-15,362.653466796875
2014-12-16,359.1746012369792
2014-12-17,355.07200113932294
2014-12-18,350.83106689453126
2014-12-19,347.380332438151
2014-12-20,344.25379842122396
2014-12-21,340.6576639811198
2014-12-22,337.7770629882813
2014-12-23,335.9545959472656
2014-12-24,333.97559611002606
2014-12-25,332.15179646809895
2014-12-26,330.6463297526042
2014-12-27,328.20106404622396
2014-12-28,326.1919311523437
2014-12-29,323.59446614583334
2014-12-30,321.287266031901
2014-12-31,320.82933146158854
2015-01-01,320.4608642578125
2015-01-02,320.70326538085936
2015-01-03,318.2525329589844
2015-01-04,313.86846720377605
2015-01-05,310.77720133463544
2015-01-06,307.73073527018227
2015-01-07,305.04840291341145
2015-01-08,302.4360697428385
2015-01-09,300.52940266927084
2015-01-10,296.98753458658854
2015-01-11,293.6406677246094
2015-01-12,290.34446614583334
2015-01-13,284.5571980794271
2015-01-14,275.714931233724
2015-01-15,268.35833129882815
2015-01-16,261.2815317789713
2015-01-17,253.5633972167969
2015-01-18,248.84719746907552
2015-01-19,245.55826314290366
2015-01-20,241.34766337076823
2015-01-21,237.39486389160157
2015-01-22,233.33279724121093
2015-01-23,229.96813049316407
2015-01-24,227.13073120117187
2015-01-25,225.72553202311198
2015-01-26,226.24639790852865
2015-01-27,225.95833231608074
2015-01-28,226.4952657063802
2015-01-29,230.18926595052082
2015-01-30,231.29466654459637
2015-01-31,231.91913350423178
2015-02-01,233.7666005452474
2015-02-02,235.6259338378906
2015-02-03,236.45306803385418
2015-02-04,237.4889343261719
2015-02-05,236.83653361002604
2015-02-06,236.09386698404947
2015-02-07,235.7522003173828
2015-02-08,234.12320048014323
2015-02-09,231.8826670328776
2015-02-10,228.30706787109375
2015-02-11,225.35440063476562
2015-02-12,224.5443349202474
2015-02-13,224.67193501790365
2015-02-14,226.7316691080729
2015-02-15,227.88906860351562
2015-02-16,228.34713541666667
2015-02-17,228.70586853027345
2015-02-18,229.3097351074219
2015-02-19,230.20506896972657
2015-02-20,231.9829366048177
2015-02-21,233.46746927897135
2015-02-22,234.0156697591146
2015-02-23,235.04766947428385
2015-02-24,236.28933614095052
2015-02-25,237.46473592122396
2015-02-26,238.6141357421875
2015-02-27,240.7517354329427
2015-02-28,242.0074686686198
2015-03-01,242.19953409830728
2015-03-02,244.92253519694012
2015-03-03,248.113134765625
2015-03-04,250.07860209147137
2015-03-05,252.73540242513022
2015-03-06,254.8980682373047
2015-03-07,257.06353352864585
2015-03-08,259.05153401692706
2015-03-09,262.6268666585286
2015-03-10,266.1514007568359
2015-03-11,269.9943339029948
2015-03-12,273.78660074869794
2015-03-13,277.0473347981771
2015-03-14,278.9178019205729
2015-03-15,281.05980224609374
2015-03-16,283.0858683268229
2015-03-17,283.7415344238281
2015-03-18,282.0480021158854
2015-03-19,281.23706868489586
2015-03-20,280.27513427734374
2015-03-21,279.42860107421876
2015-03-22,278.8752014160156
2015-03-23,278.3676005045573
2015-03-24,275.4334676106771
2015-03-25,272.39593404134115
2015-03-26,269.2061340332031
2015-03-27,266.05113423665364
2015-03-28,263.8818674723307
2015-03-29,261.27039998372396
2015-03-30,258.67926635742185
2015-03-31,255.58800048828124
2015-04-01,253.03913370768228
2015-04-02,252.8195332845052
2015-04-03,252.37913309733074
2015-04-04,251.842333984375
2015-04-05,251.88053385416666
2015-04-06,251.04933471679686
2015-04-07,250.14533487955728
2015-04-08,250.1071350097656
2015-04-09,249.939067586263
2015-04-10,249.1084014892578
2015-04-11,248.4099344889323
2015-04-12,247.3002675374349
2015-04-13,246.09186808268228
2015-04-14,244.20073445638022
2015-04-15,242.8413340250651
2015-04-16,241.59473368326823
2015-04-17,239.58653361002604
2015-04-18,237.52213338216146
2015-04-19,235.4490000406901
2015-04-20,233.05086771647134
2015-04-21,231.70266723632812
2015-04-22,230.43573404947918
2015-04-23,229.8650675455729
2015-04-24,229.0378682454427
2015-04-25,228.39240112304688
2015-04-26,227.2509338378906
2015-04-27,226.7931335449219
2015-04-28,226.8776662190755
2015-04-29,227.32093302408853
2015-04-30,228.14173380533853
2015-05-01,228.3754669189453
2015-05-02,229.1786661783854
2015-05-03,230.3121327718099
2015-05-04,231.40666605631512
2015-05-05,232.1729990641276
2015-05-06,231.80719909667968
2015-05-07,232.01773274739583
2015-05-08,232.5111328125
2015-05-09,233.21539916992188
2015-05-10,234.14246622721353
2015-05-11,235.6576670328776
2015-05-12,236.4460673014323
2015-05-13,237.1475341796875
2015-05-14,237.88893432617186
2015-05-15,237.98626708984375
2015-05-16,238.25786743164062
2015-05-17,238.3826680501302
2015-05-18,237.90066833496093
2015-05-19,237.42926839192708
2015-05-20,237.28906860351563
2015-05-21,237.659868367513
2015-05-22,237.86080220540364
2015-05-23,237.52806803385417
2015-05-24,237.46946818033854
2015-05-25,237.25706787109374
2015-05-26,236.92093404134116
2015-05-27,236.66566772460936
2015-05-28,236.7344014485677
2015-05-29,236.74553426106772
2015-05-30,236.46153462727864
2015-05-31,236.06400146484376
2015-06-01,235.13893432617186
2015-06-02,234.65060017903645
2015-06-03,234.24573262532553
2015-06-04,233.5994659423828
2015-06-05,232.90666605631512
2015-06-06,231.92473246256512
2015-06-07,230.8586659749349
2015-06-08,230.0277323404948
2015-06-09,229.49026590983073
2015-06-10,228.93606567382812
2015-06-11,228.4308654785156
2015-06-12,227.93579813639323
2015-06-13,227.62286478678385
2015-06-14,227.6360646565755
2015-06-15,228.07826436360676
2015-06-16,229.94286499023437
2015-06-17,231.50826517740884
2015-06-18,233.05046590169272
2015-06-19,234.40259908040363
2015-06-20,235.75326639811198
2015-06-21,236.9749328613281
2015-06-22,238.5822001139323
2015-06-23,239.63600056966146
2015-06-24,240.4004669189453
2015-06-25,241.33353373209636
2015-06-26,242.25946655273438
2015-06-27,243.66000061035157
2015-06-28,244.76726786295572
2015-06-29,246.33533426920573
2015-06-30,248.08526713053385
2015-07-01,248.60033365885417
2015-07-02,249.0088673909505
2015-07-03,249.49746704101562
2015-07-04,250.58279927571616
2015-07-05,252.36286519368488
2015-07-06,254.03526509602864
2015-07-07,255.31639811197917
2015-07-08,257.08233133951825
2015-07-09,258.9965311686198
2015-07-10,261.80286560058596
2015-07-11,265.10426534016926
2015-07-12,269.0960652669271
2015-07-13,271.96559753417966
2015-07-14,273.9922637939453
2015-07-15,275.5093983968099
2015-07-16,276.80726420084636
2015-07-17,278.41126302083336
2015-07-18,279.6489298502604
2015-07-19,280.4974650065104
2015-07-20,280.9686645507812
2015-07-21,281.4221984863281
2015-07-22,282.1565307617187
2015-07-23,282.50746459960936
2015-07-24,283.7774658203125
2015-07-25,284.03099772135414
2015-07-26,284.0023986816406
2015-07-27,282.8528645833333
2015-07-28,283.0110656738281
2015-07-29,283.1527994791667
2015-07-30,283.27899780273435
2015-07-31,283.7163981119792
2015-08-01,283.85833333333335
2015-08-02,284.3725341796875
2015-08-03,284.88006591796875
2015-08-04,285.2958658854167
2015-08-05,285.699131266276
2015-08-06,285.7894653320312
2015-08-07,286.0251973470052
2015-08-08,284.2064636230469
2015-08-09,282.6321980794271
2015-08-10,280.7511311848958
2015-08-11,279.2019307454427
2015-08-12,277.3318644205729
2015-08-13,275.6311971028646
2015-08-14,274.16173095703124
2015-08-15,272.6217976888021
2015-08-16,271.0821960449219
2015-08-17,269.4396626790365
2015-08-18,264.76312967936195
2015-08-19,260.8608642578125
2015-08-20,257.75873209635415
2015-08-21,254.69153238932293
2015-08-22,251.4118662516276
2015-08-23,249.22333272298178
2015-08-24,245.5841318766276
2015-08-25,242.7267313639323
2015-08-26,239.7563985188802
2015-08-27,236.9825978597005
2015-08-28,234.80366516113278
2015-08-29,232.4103322347005
2015-08-30,230.22433268229167
2015-08-31,228.32760009765622
2015-09-01,226.33726603190104
2015-09-02,227.55093282063802
2015-09-03,227.58419901529948
2015-09-04,227.24739888509114
2015-09-05,227.41073201497395
2015-09-06,228.04073181152344
2015-09-07,228.81926472981772
2015-09-08,231.0267313639323
2015-09-09,232.13066507975262
2015-09-10,232.9737325032552
2015-09-11,233.99626566569012
2015-09-12,234.25179951985677
2015-09-13,234.30059916178385
2015-09-14,234.42613220214844
2015-09-15,234.44266560872396
2015-09-16,234.50733235677083
2015-09-17,234.54239908854166
2015-09-18,234.92853291829428
2015-09-19,235.0081990559896
2015-09-20,234.75439961751303
2015-09-21,233.90406697591146
2015-09-22,233.28880004882814
2015-09-23,232.4005340576172
2015-09-24,232.1579345703125
2015-09-25,231.93573404947918
2015-09-26,231.5512674967448
2015-09-27,231.38646748860677
2015-09-28,231.96180114746093
2015-09-29,232.3646677652995
2015-09-30,232.74840087890624
2015-10-01,233.31226704915363
2015-10-02,233.8111338297526
2015-10-03,234.1947998046875
2015-10-04,234.64586690266927
2015-10-05,235.25726623535155
2015-10-06,236.52246602376303
2015-10-07,237.34586588541666
2015-10-08,238.147265625
2015-10-09,238.77406514485676
2015-10-10,239.4271982828776
2015-10-11,240.27453206380207
2015-10-12,241.11126505533855
2015-10-13,241.80233154296874
2015-10-14,242.8224650065104
2015-10-15,244.03979899088543
2015-10-16,245.72779846191406
2015-10-17,247.95093282063803
2015-10-18,249.478466796875
2015-10-19,251.15700073242186
2015-10-20,253.09566853841145
2015-10-21,254.44293518066405
2015-10-22,256.51320292154946
2015-10-23,258.79266967773435
2015-10-24,261.3075358072917
2015-10-25,263.8901357014974
2015-10-26,266.4401346842448
2015-10-27,269.67213439941406
2015-10-28,273.34613545735675
2015-10-29,277.4705362955729
2015-10-30,282.38353678385414
2015-10-31,285.80333658854164
2015-11-01,289.45606892903646
2015-11-02,296.09246826171875
2015-11-03,305.4244669596354
2015-11-04,314.8977986653646
2015-11-05,322.90326538085935
2015-11-06,329.5997314453125
2015-11-07,336.9321309407552
2015-11-08,343.04639892578126
2015-11-09,349.4848653157552
2015-11-10,352.9194661458333
2015-11-11,354.0725341796875
2015-11-12,356.3081339518229
2015-11-13,357.8346659342448
2015-11-14,358.160732014974
2015-11-15,358.56073201497395
2015-11-16,358.9153991699219
2015-11-17,357.175732421875
2015-11-18,352.58726603190104
2015-11-19,346.89299926757815
2015-11-20,342.60419921875
2015-11-21,339.4346659342448
2015-11-22,335.3049336751302
2015-11-23,331.95013224283855
2015-11-24,327.9360656738281
2015-11-25,327.361865234375
2015-11-26,330.13519694010415
2015-11-27,331.46119588216146
2015-11-28,332.8363972981771
2015-11-29,335.3955973307292
2015-11-30,339.2059326171875
2015-12-01,341.3217325846354
2015-12-02,342.9279337565104
2015-12-03,344.69166666666666
2015-12-04,347.1606018066406
2015-12-05,351.622401936849
2015-12-06,355.7461344401042
2015-12-07,360.4794677734375
2015-12-08,366.6472676595052
2015-12-09,373.1484008789063
2015-12-10,378.9666015625
2015-12-11,385.583534749349
2015-12-12,390.7138692220052
2015-12-13,395.80546875
2015-12-14,400.6646687825521
2015-12-15,406.5313354492188
2015-12-16,412.69440104166665
2015-12-17,419.15380045572914
2015-12-18,425.99180094401044
2015-12-19,432.60106608072914
2015-12-20,436.1834655761719
2015-12-21,439.5072001139323
2015-12-22,442.24293212890626
2015-12-23,444.0321329752604
2015-12-24,446.5269327799479
2015-12-25,449.2052001953125
2015-12-26,446.89426676432294
2015-12-27,446.082666015625
2015-12-28,445.3175984700521
2015-12-29,444.5709981282552
2015-12-30,441.9909301757813
2015-12-31,440.36646321614586
2016-01-01,438.9168640136719
2016-01-02,436.9049967447917
2016-01-03,434.7509297688802
2016-01-04,434.1113301595052
2016-01-05,433.6660624186198
2016-01-06,433.1682637532552
2016-01-07,434.2113972981771
2016-01-08,434.0943990071615
2016-01-09,433.5582641601562
2016-01-10,435.60606486002604
2016-01-11,437.3130655924479
2016-01-12,438.20713297526044
2016-01-13,438.1663330078125
2016-01-14,438.4120666503906
2016-01-15,433.9963338216146
2016-01-16,430.8764668782552
2016-01-17,427.4672017415365
2016-01-18,424.6110026041667
2016-01-19,421.08153483072914
2016-01-20,420.2995361328125
2016-01-21,419.0433349609375
2016-01-22,414.0062683105469
2016-01-23,409.62366739908856
2016-01-24,406.6476684570313
2016-01-25,402.89666951497395
2016-01-26,399.1450032552084
2016-01-27,396.43046875000005
2016-01-28,392.95833536783863
2016-01-29,389.56953531901047
2016-01-30,390.49780273437506
2016-01-31,389.24653523763027
2016-02-01,388.63033447265633
2016-02-02,387.7823343912761
2016-02-03,387.10233561197924
2016-02-04,385.05993448893236
2016-02-05,383.4790690104167
2016-02-06,383.0810689290365
2016-02-07,382.3563354492188
2016-02-08,380.3880676269531
2016-02-09,379.3415995279948
2016-02-10,378.6413309733073
2016-02-11,377.62013142903646
2016-02-12,377.88506469726565
2016-02-13,378.71079711914064
2016-02-14,380.64246419270836
2016-02-15,382.73699747721355
2016-02-16,385.0324645996094
2016-02-17,387.8240641276042
2016-02-18,391.3189961751302
2016-02-19,393.3983968098958
2016-02-20,396.7727294921875
2016-02-21,400.924462890625
2016-02-22,404.9996622721354
2016-02-23,408.1522623697917
2016-02-24,411.41399536132815
2016-02-25,414.27366333007814
2016-02-26,417.7735310872396
2016-02-27,420.9905985514323
2016-02-28,423.76686604817706
2016-02-29,425.797998046875
2016-03-01,428.127197265625
2016-03-02,429.2272644042969
2016-03-03,429.58253173828126
2016-03-04,428.8202657063802
2016-03-05,427.47259928385415
2016-03-06,425.50879923502606
2016-03-07,423.8769999186198
2016-03-08,422.29193318684895
2016-03-09,421.9001993815104
2016-03-10,421.37860107421875
2016-03-11,421.18833414713544
2016-03-12,419.8197998046875
2016-03-13,418.58953247070315
2016-03-14,417.45179850260416
2016-03-15,416.0606648763021
2016-03-16,414.8531982421875
2016-03-17,414.6286641438802
2016-03-18,413.82179768880206
2016-03-19,413.78879801432294
2016-03-20,414.6677978515625
2016-03-21,415.0411315917969
2016-03-22,415.2923299153646
2016-03-23,415.5635965983073
2016-03-24,415.6658650716146
2016-03-25,415.66893107096354
2016-03-26,415.4192647298177
2016-03-27,416.4286661783854
2016-03-28,417.1063985188802
2016-03-29,417.1115987141927
2016-03-30,416.977333577474
2016-03-31,416.958534749349
2016-04-01,416.7811340332031
2016-04-02,417.5361328125
2016-04-03,418.23346557617185
2016-04-04,418.7460652669271
2016-04-05,419.4609313964844
2016-04-06,419.8158650716146
2016-04-07,420.1294657389323
2016-04-08,420.39313151041665
2016-04-09,420.5420654296875
2016-04-10,420.7833312988281
2016-04-11,420.49786376953125
2016-04-12,420.5617980957031
2016-04-13,421.0429992675781
2016-04-14,421.6740661621094
2016-04-15,422.5396667480469
2016-04-16,423.3804667154948
2016-04-17,423.81553344726564
2016-04-18,424.3280008951823
2016-04-19,425.2656677246094
2016-04-20,426.4229349772135
2016-04-21,428.15706787109383
2016-04-22,429.68986816406255
2016-04-23,431.6854024251303
2016-04-24,434.29500122070317
2016-04-25,436.95246785481777
2016-04-26,439.8595336914063
2016-04-27,441.1593343098959
2016-04-28,442.8444661458334
2016-04-29,444.89879760742195
2016-04-30,446.13912963867193
2016-05-01,447.55933024088546
2016-05-02,448.71066487630213
2016-05-03,450.1581970214844
2016-05-04,450.9057291666667
2016-05-05,451.34486287434896
2016-05-06,452.0233968098958
2016-05-07,452.8766642252604
2016-05-08,453.4277303059896
2016-05-09,453.55626424153644
2016-05-10,452.8541971842448
2016-05-11,451.9634643554688
2016-05-12,452.63539632161456
2016-05-13,453.07933146158854
2016-05-14,453.1175984700521
2016-05-15,453.73426513671876
2016-05-16,453.8867980957031
2016-05-17,454.49439697265626
2016-05-18,454.7820638020833
2016-05-19,454.2482645670573
2016-05-20,453.8949300130208
2016-05-21,452.80059611002605
2016-05-22,451.5197285970052
2016-05-23,450.56019490559896
2016-05-24,449.59339396158856
2016-05-25,449.5069946289062
2016-05-26,449.5507283528646
2016-05-27,450.79726155598956
2016-05-28,455.75525919596356
2016-05-29,460.4593912760417
2016-05-30,465.54579264322916
2016-05-31,470.69399210611977
2016-06-01,476.23645833333336
2016-06-02,481.79332478841144
2016-06-03,490.49192301432294
2016-06-04,499.1619893391927
2016-06-05,507.9479227701823
2016-06-06,517.6955220540365
2016-06-07,526.5249877929688
2016-06-08,535.5692565917968
2016-06-09,543.9046569824219
2016-06-10,552.1770548502604
2016-06-11,561.0612548828125
2016-06-12,570.5775227864583
2016-06-13,582.4537231445313
2016-06-14,592.5667236328125
2016-06-15,603.4389241536459
2016-06-16,618.7314575195312
2016-06-17,632.7939249674479
2016-06-18,645.26279296875
2016-06-19,657.9997273763021
2016-06-20,668.816328938802
2016-06-21,674.2239949544271
2016-06-22,675.5252644856771
2016-06-23,678.3473958333333
2016-06-24,684.3919962565104
2016-06-25,690.2355305989583
2016-06-26,691.7448649088542
2016-06-27,690.5776000976563
2016-06-28,686.7526000976562
2016-06-29,683.7079996744792
2016-06-30,682.2991984049479
2016-07-01,676.2984008789062
2016-07-02,673.2846028645833
2016-07-03,666.7804036458333
2016-07-04,661.4391357421875
2016-07-05,656.9992024739583
2016-07-06,657.7111368815105
2016-07-07,660.6742024739583
2016-07-08,663.5106038411458
2016-07-09,662.5546712239583
2016-07-10,661.5038045247396
2016-07-11,662.7232706705729
2016-07-12,663.3416707356771
2016-07-13,663.8394734700521
2016-07-14,665.0520060221354
2016-07-15,664.3798746744792
2016-07-16,663.3446085611979
2016-07-17,661.7284057617187
2016-07-18,662.6912068684895
2016-07-19,661.9713419596354
2016-07-20,661.6418741861979
2016-07-21,660.8206095377604
2016-07-22,661.4910766601563
2016-07-23,660.7599446614583
2016-07-24,661.4482747395833
2016-07-25,661.7640747070312
2016-07-26,662.0390747070312
2016-07-27,661.3591389973958
2016-07-28,661.3969360351563
2016-07-29,661.3245361328125
2016-07-30,660.7773356119792
2016-07-31,658.3716023763021
2016-08-01,653.4924682617187
2016-08-02,645.1164021809896
2016-08-03,638.015799967448
2016-08-04,632.1894002278646
2016-08-05,626.1914672851562
2016-08-06,622.0020670572917
2016-08-07,617.8109985351563
2016-08-08,613.1289347330729
2016-08-09,608.7092041015625
2016-08-10,604.7304728190104
2016-08-11,600.3816731770834
2016-08-12,595.8832763671875
2016-08-13,591.1230102539063
2016-08-14,585.4847452799479
2016-08-15,581.655342610677
2016-08-16,579.7331461588542
2016-08-17,581.4498779296875
2016-08-18,581.9807454427083
2016-08-19,581.8034790039062
2016-08-20,582.2470784505208
2016-08-21,581.815743001302
2016-08-22,581.4199422200521
2016-08-23,580.9106730143229
2016-08-24,580.4027384440104
2016-08-25,579.446602376302
2016-08-26,578.8153361002604
2016-08-27,577.6412027994792
2016-08-28,576.8628011067708
2016-08-29,577.1050659179688
2016-08-30,577.7892659505209
2016-08-31,577.6581298828125
2016-09-01,577.5972615559896
2016-09-02,577.6785278320312
2016-09-03,579.1839925130208
2016-09-04,580.9797892252604
2016-09-05,582.6652587890625
2016-09-06,584.2441243489583
2016-09-07,586.3193929036458
2016-09-08,589.3949910481771
2016-09-09,592.40166015625
2016-09-10,595.3255249023438
2016-09-11,597.7769897460937
2016-09-12,600.06572265625
2016-09-13,602.4079915364583
2016-09-14,604.6200602213542
2016-09-15,606.7322631835938
2016-09-16,609.0435994466146
2016-09-17,611.0734008789062
2016-09-18,611.8508707682291
2016-09-19,611.8904052734375
2016-09-20,612.005204264323
2016-09-21,611.1194051106771
2016-09-22,609.9030029296875
2016-09-23,608.3380696614583
2016-09-24,606.9890014648438
2016-09-25,605.4768025716146
2016-09-26,605.5650716145833
2016-09-27,605.4266072591146
2016-09-28,605.1257405598958
2016-09-29,604.7930053710937
2016-09-30,604.9650024414062
2016-10-01,605.4323323567709
2016-10-02,605.7595336914062
2016-10-03,605.9101318359375
2016-10-04,605.975264485677
2016-10-05,606.255196126302
2016-10-06,607.313330078125
2016-10-07,608.7015299479167
2016-10-08,609.7859293619791
2016-10-09,610.7277303059896
2016-10-10,611.9389322916667
2016-10-11,614.1408650716146
2016-10-12,616.1425984700521
2016-10-13,618.2797973632812
2016-10-14,620.5921305338542
2016-10-15,622.51953125
2016-10-16,624.3627319335938
2016-10-17,626.249462890625
2016-10-18,627.9712646484375
2016-10-19,629.3256673177083
2016-10-20,630.5487345377604
2016-10-21,631.8692016601562
2016-10-22,634.5474039713541
2016-10-23,637.078271484375
2016-10-24,639.5455362955729
2016-10-25,642.1184692382812
2016-10-26,644.6006022135417
2016-10-27,648.0753336588542
2016-10-28,651.5996663411458
2016-10-29,656.5397338867188
2016-10-30,660.7542683919271
2016-10-31,664.7103352864583
2016-11-01,670.7503377278646
2016-11-02,677.6082682291667
2016-11-03,681.4869344075521
2016-11-04,686.3121337890625
2016-11-05,691.018135579427
2016-11-06,694.6333333333333
2016-11-07,697.7039998372396
2016-11-08,701.4431355794271
2016-11-09,705.8221354166667
2016-11-10,708.3041341145833
2016-11-11,710.1773356119792
2016-11-12,711.2042032877604
2016-11-13,710.374336751302
2016-11-14,710.5848022460938
2016-11-15,711.2946044921875
2016-11-16,712.2549357096354
2016-11-17,712.2648030598958
2016-11-18,716.4571370442708
2016-11-19,719.682539876302
2016-11-20,721.5230712890625
2016-11-21,723.3714721679687
2016-11-22,726.5858723958333
2016-11-23,728.9022705078125
2016-11-24,730.036669921875
2016-11-25,731.7776692708334
2016-11-26,733.042403157552
2016-11-27,734.841133626302
2016-11-28,737.0932657877604
2016-11-29,739.1321329752604
2016-11-30,741.4035970052083
2016-12-01,742.2419962565104
2016-12-02,744.7064615885416
2016-12-03,746.0111287434896
2016-12-04,747.4948608398438
2016-12-05,749.339794921875
2016-12-06,751.0048624674479
2016-12-07,752.1238647460938
2016-12-08,753.8715983072917
2016-12-09,756.0385986328125
2016-12-10,758.2386678059896
2016-12-11,760.5286010742187
2016-12-12,763.7320678710937
2016-12-13,766.7149373372396
2016-12-14,769.7734049479167
2016-12-15,771.9332071940104
2016-12-16,773.808740234375
2016-12-17,774.6677408854167
2016-12-18,775.9594075520833
2016-12-19,777.2155395507813
2016-12-20,780.0272705078125
2016-12-21,784.6977376302083
2016-12-22,791.1249348958333
2016-12-23,801.203202311198
2016-12-24,809.6050699869792
2016-12-25,817.7072672526042
2016-12-26,826.8991984049479
2016-12-27,837.1065999348958
2016-12-28,850.1309326171875
2016-12-29,862.9319986979167
2016-12-30,875.1419962565104
2016-12-31,887.0643961588542
2017-01-01,900.8974650065104
2017-01-02,916.3121297200521
2017-01-03,933.0538614908854
2017-01-04,956.6441284179688
2017-01-05,968.584061686198
2017-01-06,971.094795735677
2017-01-07,970.2015299479167
2017-01-08,971.02666015625
2017-01-09,971.4696614583333
2017-01-10,971.4742635091146
2017-01-11,961.1115315755209
2017-01-12,949.7057291666666
2017-01-13,939.7381958007812
2017-01-14,930.2164632161458
2017-01-15,920.7534627278645
2017-01-16,909.6340616861979
2017-01-17,902.0465942382813
2017-01-18,891.5651285807292
2017-01-19,874.5213297526042
2017-01-20,866.6310628255209
2017-01-21,867.9369303385416
2017-01-22,869.0094604492188
2017-01-23,869.6636637369792
2017-01-24,868.98759765625
2017-01-25,868.5784627278646
2017-01-26,877.9003946940104
2017-01-27,885.5614624023438
2017-01-28,892.0685302734375
2017-01-29,898.8074625651042
2017-01-30,905.3797322591146
2017-01-31,914.6376668294271
2017-02-01,920.0433349609375
2017-02-02,928.3888020833333
2017-02-03,937.1112711588542
2017-02-04,946.9695393880208
2017-02-05,954.006270345052
2017-02-06,961.5714070638021
2017-02-07,970.9272705078125
2017-02-08,982.2861328125
2017-02-09,988.4755330403646
2017-02-10,993.2147338867187
2017-02-11,998.8614013671875
2017-02-12,1004.0341349283855
2017-02-13,1008.7772054036458
2017-02-14,1014.3884033203125
2017-02-15,1016.8602010091146
2017-02-16,1019.4213297526042
2017-02-17,1021.7153279622396
2017-02-18,1023.3493286132813
2017-02-19,1023.6806599934896
2017-02-20,1027.1899943033854
2017-02-21,1032.3333292643229
2017-02-22,1036.0726603190103
2017-02-23,1042.9826619466146
2017-02-24,1054.9357991536458
2017-02-25,1065.2801961263021
2017-02-26,1075.9968587239584
2017-02-27,1088.049454752604
2017-02-28,1100.671317545573
2017-03-01,1115.201318359375
2017-03-02,1131.4366536458333
2017-03-03,1147.939990234375
2017-03-04,1161.8693277994792
2017-03-05,1176.0493245442708
2017-03-06,1191.0466552734374
2017-03-07,1200.617325846354
2017-03-08,1202.9306559244792
2017-03-09,1207.667325846354
2017-03-10,1204.3339925130208
2017-03-11,1204.4773193359374
2017-03-12,1209.6466552734375
2017-03-13,1214.0946614583333
2017-03-14,1218.0966634114584
2017-03-15,1222.7393310546875
2017-03-16,1220.426668294271
2017-03-17,1210.374666341146
2017-03-18,1190.296533203125
2017-03-19,1175.7358642578124
2017-03-20,1161.5431966145834
2017-03-21,1151.390535481771
2017-03-22,1139.7638671875
2017-03-23,1132.336531575521
2017-03-24,1115.6052001953126
2017-03-25,1106.0091349283855
2017-03-26,1092.0688028971354
2017-03-27,1080.3614705403645
2017-03-28,1068.0434692382812
2017-03-29,1054.708133951823
2017-03-30,1039.829471842448
2017-03-31,1032.0948038736979
2017-04-01,1030.779471842448
2017-04-02,1039.3362752278647
2017-04-03,1046.4742797851563
2017-04-04,1051.7422810872397
2017-04-05,1052.0249471028646
2017-04-06,1060.927616373698
2017-04-07,1070.1482869466147
2017-04-08,1086.0436157226563
2017-04-09,1100.3830159505208
2017-04-10,1115.0766845703124
2017-04-11,1125.6926839192708
2017-04-12,1135.9073486328125
2017-04-13,1144.5280192057292
2017-04-14,1153.9353515625
2017-04-15,1160.65068359375
2017-04-16,1167.4800130208334
2017-04-17,1173.5960123697917
2017-04-18,1178.120011393229
2017-04-19,1183.256013997396
2017-04-20,1190.2093424479167
2017-04-21,1192.8340087890624
2017-04-22,1196.4880045572916
2017-04-23,1198.5720052083334
2017-04-24,1202.7240071614583
2017-04-25,1207.9480061848958
2017-04-26,1213.0193359375
2017-04-27,1220.8433349609375
2017-04-28,1230.6566650390625
2017-04-29,1240.9399983723958
2017-04-30,1252.6313313802084
2017-05-01,1268.5420003255208
2017-05-02,1285.8026611328125
2017-05-03,1304.3639892578126
2017-05-04,1326.1893229166667
2017-05-05,1347.9473225911458
2017-05-06,1371.7306559244792
2017-05-07,1396.0639892578124
2017-05-08,1430.4733235677083
2017-05-09,1464.1539876302083
2017-05-10,1498.9299886067708
2017-05-11,1536.7626546223958
2017-05-12,1563.8633219401042
2017-05-13,1596.4253255208334
2017-05-14,1628.899991861979
2017-05-15,1654.9359944661458
2017-05-16,1675.7926595052083
2017-05-17,1701.543994140625
2017-05-18,1728.1146647135417
2017-05-19,1758.117325846354
2017-05-20,1793.4026611328125
2017-05-21,1824.2293212890625
2017-05-22,1862.6753173828124
2017-05-23,1902.47998046875
2017-05-24,1948.3653076171875
2017-05-25,1982.8886393229166
2017-05-26,2006.4786376953125
2017-05-27,2027.4539713541667
2017-05-28,2050.846638997396
2017-05-29,2080.626643880208
2017-05-30,2109.7626383463544
2017-05-31,2146.5599690755207
2017-06-01,2184.479296875
2017-06-02,2224.4726318359376
2017-06-03,2259.648640950521
2017-06-04,2288.120646158854
2017-06-05,2331.1613199869794
2017-06-06,2377.147989908854
2017-06-07,2404.5973225911457
2017-06-08,2428.7293375651043
2017-06-09,2463.318009440104
2017-06-10,2513.004012044271
2017-06-11,2574.286686197917
2017-06-12,2607.875341796875
2017-06-13,2638.6360026041666
2017-06-14,2660.696012369792
2017-06-15,2672.5740234375
2017-06-16,2679.952701822917
2017-06-17,2691.1080240885417
2017-06-18,2693.304020182292
2017-06-19,2698.490022786458
2017-06-20,2700.822021484375
2017-06-21,2689.215364583333
2017-06-22,2687.43203125
2017-06-23,2683.3846842447915
2017-06-24,2669.045345052083
2017-06-25,2645.1586751302084
2017-06-26,2613.181331380208
2017-06-27,2606.0360026041667
2017-06-28,2596.55400390625
2017-06-29,2598.750667317708
2017-06-30,2599.83466796875
2017-07-01,2594.2340006510417
2017-07-02,2584.27333984375
2017-07-03,2585.324674479167
2017-07-04,2586.1273274739583
2017-07-05,2578.140657552083
2017-07-06,2572.7713216145835
2017-07-07,2560.321321614583
2017-07-08,2548.75
2017-07-09,2542.7313313802083
2017-07-10,2528.2746744791666
2017-07-11,2518.8973470052083
2017-07-12,2508.656689453125
2017-07-13,2494.1973470052085
2017-07-14,2473.798681640625
2017-07-15,2441.6666748046873
2017-07-16,2408.018001302083
2017-07-17,2389.4806640625
2017-07-18,2373.135319010417
2017-07-19,2351.2546549479166
2017-07-20,2365.628662109375
2017-07-21,2369.5753255208333
2017-07-22,2389.006005859375
2017-07-23,2399.6099934895833
2017-07-24,2415.371337890625
2017-07-25,2428.965999348958
2017-07-26,2441.7433268229165
2017-07-27,2459.9393229166667
2017-07-28,2490.013330078125
2017-07-29,2522.8873209635417
2017-07-30,2573.4419840494793
2017-07-31,2636.47666015625
2017-08-01,2669.133333333333
2017-08-02,2695.2526692708334
2017-08-03,2730.672672526042
2017-08-04,2735.8919921875
2017-08-05,2774.9019856770833
2017-08-06,2801.823307291667
2017-08-07,2845.0593098958334
2017-08-08,2889.3979654947916
2017-08-09,2940.46396484375
2017-08-10,2997.25263671875
2017-08-11,3062.508642578125
2017-08-12,3134.22197265625
2017-08-13,3224.009309895833
2017-08-14,3328.539306640625
2017-08-15,3415.6453125
2017-08-16,3526.203304036458
2017-08-17,3634.271305338542
2017-08-18,3724.6639811197915
2017-08-19,3811.18466796875
2017-08-20,3866.83466796875
2017-08-21,3919.354671223958
2017-08-22,3967.460009765625
2017-08-23,4016.2320149739585
2017-08-24,4082.379361979167
2017-08-25,4148.400699869791
2017-08-26,4195.186018880208
2017-08-27,4228.397347005209
2017-08-28,4249.0240234375
2017-08-29,4265.950032552083
2017-08-30,4291.5080078125
2017-08-31,4313.292024739583
2017-09-01,4350.6466796875
2017-09-02,4378.52333984375
2017-09-03,4404.473990885416
2017-09-04,4414.384000651042
2017-09-05,4439.369986979166
2017-09-06,4472.47666015625
2017-09-07,4502.367317708334
2017-09-08,4495.305305989584
2017-09-09,4485.60263671875
2017-09-10,4470.305305989584
2017-09-11,4455.531315104166
2017-09-12,4438.74130859375
2017-09-13,4392.312646484375
2017-09-14,4298.289322916667
2017-09-15,4227.231315104166
2017-09-16,4142.766666666666
2017-09-17,4076.373990885417
2017-09-18,4041.856656901042
2017-09-19,4021.100651041667
2017-09-20,3989.728662109375
2017-09-21,3925.3233235677085
2017-09-22,3860.711328125
2017-09-23,3831.6213216145834
2017-09-24,3795.4066569010415
2017-09-25,3782.2819986979166
2017-09-26,3764.35400390625
2017-09-27,3769.011328125
2017-09-28,3788.4873209635416
2017-09-29,3855.6953125
2017-09-30,3902.44130859375
2017-10-01,3954.3546549479165
2017-10-02,4009.450651041667
2017-10-03,4026.269319661458
2017-10-04,4046.561979166667
2017-10-05,4074.7259928385415
2017-10-06,4124.043994140625
2017-10-07,4177.12333984375
2017-10-08,4231.66201171875
2017-10-09,4304.274007161458
2017-10-10,4361.3353515625
2017-10-11,4423.610677083333
2017-10-12,4506.693359375
2017-10-13,4604.85869140625
2017-10-14,4716.106705729167
2017-10-15,4805.40537109375
2017-10-16,4893.528678385416
2017-10-17,4973.274674479167
2017-10-18,5058.155338541666
2017-10-19,5156.766015625
2017-10-20,5268.968684895834
2017-10-21,5379.688020833333
2017-10-22,5485.12333984375
2017-10-23,5573.112662760416
2017-10-24,5623.420670572917
2017-10-25,5688.007975260417
2017-10-26,5759.897981770833
2017-10-27,5782.16396484375
2017-10-28,5789.222623697917
2017-10-29,5810.693294270834
2017-10-30,5840.849283854167
2017-10-31,5890.369954427083
2017-11-01,5967.823307291666
2017-11-02,6067.01064453125
2017-11-03,6166.9599609375
2017-11-04,6258.193294270834
2017-11-05,6349.91396484375
2017-11-06,6417.53662109375
2017-11-07,6498.473958333333
2017-11-08,6627.3439453125
2017-11-09,6720.195963541667
2017-11-10,6767.749967447917
2017-11-11,6806.196647135416
2017-11-12,6819.328645833333
2017-11-13,6846.371321614583
2017-11-14,6880.052669270834
2017-11-15,6936.528678385416
2017-11-16,7010.15400390625
2017-11-17,7052.186686197917
2017-11-18,7091.0126953125
2017-11-19,7134.78203125
2017-11-20,7187.663997395834
2017-11-21,7257.563997395833
2017-11-22,7331.508658854166
2017-11-23,7370.113997395833
2017-11-24,7444.121354166667
2017-11-25,7588.97333984375
2017-11-26,7787.169986979166
2017-11-27,8045.055305989584
2017-11-28,8278.342610677084
2017-11-29,8495.199967447918
2017-11-30,8689.737272135417
2017-12-01,8896.664583333333
2017-12-02,9121.038541666667
2017-12-03,9356.575227864583
2017-12-04,9597.955891927084
2017-12-05,9845.69326171875
2017-12-06,10260.375944010417
2017-12-07,10903.452571614584
2017-12-08,11472.161263020833
2017-12-09,11933.795247395834
2017-12-10,12378.0939453125
2017-12-11,12885.17734375
2017-12-12,13391.647395833334
2017-12-13,13814.940690104168
2017-12-14,14259.966666666667
2017-12-15,14758.18671875
2017-12-16,15326.306770833333
2017-12-17,15864.053515625
2017-12-18,16383.453450520834
2017-12-19,16791.420052083333
2017-12-20,17105.280013020834
2017-12-21,17206.0400390625
2017-12-22,16934.846744791666
2017-12-23,16810.166731770834
2017-12-24,16726.673372395835
2017-12-25,16631.419986979166
2017-12-26,16575.619921875
2017-12-27,16470.493229166666
2017-12-28,16350.379947916666
2017-12-29,16223.193294270834
2017-12-30,15906.21328125
2017-12-31,15550.146614583333
2018-01-01,15184.5732421875
2018-01-02,14909.099934895834
2018-01-03,14737.386653645834
2018-01-04,14669.026692708334
2018-01-05,14777.466666666667
2018-01-06,15023.813346354167
2018-01-07,15142.373307291668
2018-01-08,15225.326627604167
2018-01-09,15263.2466796875
2018-01-10,15188.1466796875
2018-01-11,15025.966666666667
2018-01-12,14984.239973958332
2018-01-13,14964.506640625
2018-01-14,15019.1599609375
2018-01-15,14996.719921875
2018-01-16,14852.2732421875
2018-01-17,14599.3732421875
2018-01-18,14350.9666015625
2018-01-19,14084.846614583334
2018-01-20,13782.826627604167
2018-01-21,13387.699934895832
2018-01-22,13017.9533203125
2018-01-23,12731.173372395833
2018-01-24,12515.4400390625
2018-01-25,12267.846744791666
2018-01-26,12118.886783854166
2018-01-27,11949.56015625
2018-01-28,11777.966796875
2018-01-29,11612.926822916666
2018-01-30,11365.36015625
2018-01-31,11280.733463541666
2018-02-01,11146.196158854167
2018-02-02,10969.919466145833
2018-02-03,10807.753450520833
2018-02-04,10499.607421875
2018-02-05,10189.952115885417
2018-02-06,9978.125423177084
2018-02-07,9761.65205078125
2018-02-08,9555.398014322916
2018-02-09,9387.236686197917
2018-02-10,9217.27001953125
2018-02-11,8996.5546875
2018-02-12,8805.9060546875
2018-02-13,8626.033333333333
2018-02-14,8585.255338541667
2018-02-15,8581.608723958334
2018-02-16,8652.4994140625
2018-02-17,8804.629427083333
2018-02-18,8896.4220703125
2018-02-19,9092.974739583333
2018-02-20,9389.536751302083
2018-02-21,9585.29677734375
2018-02-22,9744.210123697916
2018-02-23,9879.910774739583
2018-02-24,9951.65009765625
2018-02-25,10021.172102864582
2018-02-26,10170.287434895834
2018-02-27,10290.222721354166
2018-02-28,10410.195442708333
2018-03-01,10507.286783854166
2018-03-02,10568.6201171875
2018-03-03,10652.340104166668
2018-03-04,10679.000065104166
2018-03-05,10747.100065104167
2018-03-06,10717.406770833333
2018-03-07,10621.5314453125
2018-03-08,10535.1720703125
2018-03-09,10490.675390625
2018-03-10,10395.002083333333
2018-03-11,10379.372721354166
2018-03-12,10348.73203125
2018-03-13,10270.608658854168
2018-03-14,10106.889322916666
2018-03-15,9967.086653645832
2018-03-16,9792.9099609375
2018-03-17,9581.60859375
2018-03-18,9363.873893229167
2018-03-19,9171.7439453125
2018-03-20,8994.421940104166
2018-03-21,8871.047265625
2018-03-22,8788.573893229166
2018-03-23,8754.214583333332
2018-03-24,8709.5859375
2018-03-25,8684.904622395834
2018-03-26,8593.62265625
2018-03-27,8502.150651041668
2018-03-28,8419.459342447917
2018-03-29,8345.85205078125
2018-03-30,8251.829361979168
2018-03-31,8160.841373697916
2018-04-01,8089.331380208333
2018-04-02,8013.339388020833
2018-04-03,7935.036686197916
2018-04-04,7797.72802734375
2018-04-05,7656.540690104167
2018-04-06,7517.064029947916
2018-04-07,7385.828678385416
2018-04-08,7276.188671875
2018-04-09,7161.185319010417
2018-04-10,7069.542610677084
2018-04-11,7011.894596354166
2018-04-12,7007.545930989583
2018-04-13,7056.229915364584
2018-04-14,7129.2779296875
2018-04-15,7219.649967447916
2018-04-16,7300.612630208333
2018-04-17,7355.165299479167
2018-04-18,7402.319303385417
2018-04-19,7498.350618489583
2018-04-20,7633.974609375
2018-04-21,7784.591959635417
2018-04-22,7910.68330078125
2018-04-23,8037.840625
2018-04-24,8232.958626302083
2018-04-25,8367.023990885416
2018-04-26,8521.236653645834
2018-04-27,8594.423307291667
2018-04-28,8691.2580078125
2018-04-29,8786.7806640625
2018-04-30,8847.543294270834
2018-05-01,8918.2326171875
2018-05-02,9007.154622395834
2018-05-03,9112.517317708332
2018-05-04,9206.2806640625
2018-05-05,9273.768684895833
2018-05-06,9324.383333333333
2018-05-07,9362.419986979166
2018-05-08,9382.682682291666
2018-05-09,9357.861328125
2018-05-10,9371.074674479167
2018-05-11,9315.073372395833
2018-05-12,9282.929361979166
2018-05-13,9241.293359375
2018-05-14,9194.4740234375
2018-05-15,9145.796028645833
2018-05-16,9095.784049479167
2018-05-17,9019.677376302083
2018-05-18,8920.151334635417
2018-05-19,8823.24599609375
2018-05-20,8733.585970052083
2018-05-21,8651.198665364584
2018-05-22,8562.45
2018-05-23,8450.649967447916
2018-05-24,8334.793977864583
2018-05-25,8230.540625
2018-05-26,8158.1666015625
2018-05-27,8082.388639322917
2018-05-28,7976.52529296875
2018-05-29,7893.57861328125
2018-05-30,7819.987955729167
2018-05-31,7761.677278645833
2018-06-01,7724.819303385417
2018-06-02,7684.318001302084
2018-06-03,7649.18935546875
2018-06-04,7582.604036458333
2018-06-05,7530.255338541667
2018-06-06,7504.402018229167
2018-06-07,7512.430045572916
2018-06-08,7514.935384114583
2018-06-09,7518.391373697917
2018-06-10,7480.400716145833
2018-06-11,7449.64736328125
2018-06-12,7412.738671875
2018-06-13,7337.89267578125
2018-06-14,7289.148014322916
2018-06-15,7219.975358072917
2018-06-16,7153.88935546875
2018-06-17,7077.610677083333
2018-06-18,7011.91533203125
2018-06-19,6962.27998046875
2018-06-20,6905.132649739583
2018-06-21,6843.516666666666
2018-06-22,6737.213313802084
2018-06-23,6639.717317708333
2018-06-24,6549.133984375
2018-06-25,6513.344661458334
2018-06-26,6459.127994791666
2018-06-27,6430.779329427083
2018-06-28,6401.01533203125
2018-06-29,6370.5453125
2018-06-30,6367.039973958334
2018-07-01,6356.083951822917
2018-07-02,6363.74462890625
2018-07-03,6350.062630208334
2018-07-04,6338.569954427084
2018-07-05,6329.409309895834
2018-07-06,6325.6599609375
2018-07-07,6377.209309895833
2018-07-08,6417.969303385416
2018-07-09,6455.870638020833
2018-07-10,6461.255305989584
2018-07-11,6481.324641927084
2018-07-12,6486.1033203125
2018-07-13,6508.41064453125
2018-07-14,6512.26533203125
2018-07-15,6509.3080078125
2018-07-16,6533.036686197916
2018-07-17,6580.160677083333
2018-07-18,6636.240006510417
2018-07-19,6694.194010416667
2018-07-20,6741.859993489584
2018-07-21,6791.579329427083
2018-07-22,6829.016666666666
2018-07-23,6891.498665364584
2018-07-24,7003.666634114584
2018-07-25,7127.095963541667
2018-07-26,7230.8873046875
2018-07-27,7359.96728515625
2018-07-28,7490.240657552084
2018-07-29,7619.72998046875
2018-07-30,7741.119303385417
2018-07-31,7810.365299479166
2018-08-01,7830.623307291667
2018-08-02,7843.7146484375
2018-08-03,7841.55
2018-08-04,7820.13134765625
2018-08-05,7796.744010416666
2018-08-06,7765.631315104167
2018-08-07,7701.76533203125
2018-08-08,7560.534016927083
2018-08-09,7452.990006510417
2018-08-10,7335.198665364584
2018-08-11,7210.580013020834
2018-08-12,7085.94931640625
2018-08-13,6957.889973958333
2018-08-14,6825.838639322917
2018-08-15,6727.71064453125
2018-08-16,6641.6986328125
2018-08-17,6575.930631510417
2018-08-18,6508.5552734375
2018-08-19,6473.436588541666
2018-08-20,6422.7732421875
2018-08-21,6391.90390625
2018-08-22,6366.809895833333
2018-08-23,6382.081901041666
2018-08-24,6392.197233072917
2018-08-25,6430.762565104166
2018-08-26,6458.197884114584
2018-08-27,6495.66123046875
2018-08-28,6548.908561197916
2018-08-29,6605.405240885417
2018-08-30,6650.052571614583
2018-08-31,6696.909244791666
2018-09-01,6737.7505859375
2018-09-02,6794.34794921875
2018-09-03,6844.61396484375
2018-09-04,6914.82265625
2018-09-05,6935.094010416667
2018-09-06,6945.2580078125
2018-09-07,6940.737337239583
2018-09-08,6907.805338541667
2018-09-09,6876.983333333334
2018-09-10,6851.8126953125
2018-09-11,6814.250032552083
2018-09-12,6764.618033854166
2018-09-13,6729.294694010417
2018-09-14,6698.260026041667
2018-09-15,6665.3013671875
2018-09-16,6620.230045572916
2018-09-17,6554.1287109375
2018-09-18,6494.87802734375
2018-09-19,6430.67001953125
2018-09-20,6412.459342447916
2018-09-21,6426.17802734375
2018-09-22,6443.172037760417
2018-09-23,6475.48203125
2018-09-24,6495.118717447916
2018-09-25,6502.903385416666
2018-09-26,6514.4900390625
2018-09-27,6536.153385416666
2018-09-28,6544.608040364584
2018-09-29,6550.558040364584
2018-09-30,6556.048697916666
2018-10-01,6560.87802734375
2018-10-02,6579.2046875
2018-10-03,6587.957356770833
2018-10-04,6599.834016927083
2018-10-05,6606.688020833333
2018-10-06,6596.91201171875
2018-10-07,6588.976692708334
2018-10-08,6585.083365885416
2018-10-09,6588.23203125
2018-10-10,6597.502669270833
2018-10-11,6581.5853515625
2018-10-12,6554.7740234375
2018-10-13,6530.898046875
2018-10-14,6510.162727864584
2018-10-15,6508.228059895833
2018-10-16,6508.660709635416
2018-10-17,6507.88271484375
2018-10-18,6506.157389322917
2018-10-19,6498.738736979167
2018-10-20,6489.852734375
2018-10-21,6482.788736979167
2018-10-22,6475.069401041666
2018-10-23,6463.30341796875
2018-10-24,6453.516731770834
2018-10-25,6446.23408203125
2018-10-26,6460.801399739584
2018-10-27,6474.52138671875
2018-10-28,6487.881380208333
2018-10-29,6490.661360677083
2018-10-30,6473.176692708334
2018-10-31,6454.610026041667
2018-11-01,6443.5
2018-11-02,6437.61533203125
2018-11-03,6430.67197265625
2018-11-04,6423.134635416666
2018-11-05,6418.955305989583
2018-11-06,6417.211946614583
2018-11-07,6420.838606770833
2018-11-08,6418.030631510416
2018-11-09,6411.985970052084
2018-11-10,6407.617317708334
2018-11-11,6403.009993489583
2018-11-12,6395.335319010416
2018-11-13,6397.126009114583
2018-11-14,6357.398014322916
2018-11-15,6312.759342447916
2018-11-16,6259.27734375
2018-11-17,6203.67001953125
2018-11-18,6154.488704427084
2018-11-19,6054.17939453125
2018-11-20,5922.993391927083
2018-11-21,5799.070735677084
2018-11-22,5654.79072265625
2018-11-23,5514.350032552084
2018-11-24,5347.359358723958
2018-11-25,5187.409342447917
2018-11-26,5011.933333333333
2018-11-27,4841.896663411459
2018-11-28,4701.758642578125
2018-11-29,4604.458414713542
2018-11-30,4495.740999348958
2018-12-01,4405.015804036459
2018-12-02,4310.718994140625
2018-12-03,4195.425048828125
2018-12-04,4134.451953125
2018-12-05,4087.926936848958
2018-12-06,4015.8557291666666
2018-12-07,3952.788883463542
2018-12-08,3894.7225423177083
2018-12-09,3876.954166666667
2018-12-10,3843.133235677083
2018-12-11,3819.497119140625
2018-12-12,3797.24580078125
2018-12-13,3734.329622395833
2018-12-14,3665.238834635417
2018-12-15,3613.205045572917
2018-12-16,3549.082861328125
2018-12-17,3509.481982421875
2018-12-18,3496.277197265625
2018-12-19,3482.214322916667
2018-12-20,3507.577425130208
2018-12-21,3532.606884765625
2018-12-22,3572.2232421875
2018-12-23,3607.0809407552083
2018-12-24,3638.0385904947916
2018-12-25,3658.89423828125
2018-12-26,3687.7415364583335
2018-12-27,3698.9337565104165
2018-12-28,3739.616520182292
2018-12-29,3778.144775390625
2018-12-30,3820.0908365885416
2018-12-31,3852.748258463542
2019-01-01,3872.591943359375
2019-01-02,3889.081966145833
2019-01-03,3895.13466796875
2019-01-04,3876.6864095052083
2019-01-05,3873.263134765625
2019-01-06,3877.42646484375
2019-01-07,3879.177669270833
2019-01-08,3875.9942545572917
2019-01-09,3890.6479654947916
2019-01-10,3878.7564290364585
2019-01-11,3880.925227864583
2019-01-12,3863.4173828125
2019-01-13,3845.58701171875
2019-01-14,3834.9269856770834
2019-01-15,3827.458642578125
2019-01-16,3814.8910970052084
2019-01-17,3797.2347330729167
2019-01-18,3785.3079427083335
2019-01-19,3776.697998046875
2019-01-20,3760.4192708333335
2019-01-21,3727.045930989583
2019-01-22,3699.001188151042
2019-01-23,3669.286197916667
2019-01-24,3640.3241373697915
2019-01-25,3635.0468912760416
2019-01-26,3629.3865559895835
2019-01-27,3624.2308756510415
2019-01-28,3618.7306966145834
2019-01-29,3601.535009765625
2019-01-30,3591.902099609375
2019-01-31,3578.7544921875
2019-02-01,3566.04658203125
2019-02-02,3556.928011067708
2019-02-03,3539.291015625
2019-02-04,3529.833707682292
2019-02-05,3522.522037760417
2019-02-06,3509.801416015625
2019-02-07,3497.424658203125
2019-02-08,3501.8189778645833
2019-02-09,3506.581494140625
2019-02-10,3512.4300130208335
2019-02-11,3516.7276692708333
2019-02-12,3528.9328776041666
2019-02-13,3541.1964518229165
2019-02-14,3549.909733072917
2019-02-15,3560.7776041666666
2019-02-16,3570.2337565104167
2019-02-17,3580.4187825520835
2019-02-18,3610.532177734375
2019-02-19,3643.0615397135416
2019-02-20,3678.6257486979166
2019-02-21,3714.649104817708
2019-02-22,3755.052766927083
2019-02-23,3786.7692057291665
2019-02-24,3796.0507975260416
2019-02-25,3808.88466796875
2019-02-26,3822.6131510416667
2019-02-27,3835.781070963542
2019-02-28,3850.628727213542
2019-03-01,3866.8089192708335
2019-03-02,3883.0492024739583
2019-03-03,3897.541748046875
2019-03-04,3903.3898111979165
2019-03-05,3902.100520833333
2019-03-06,3899.22373046875
2019-03-07,3893.334651692708
2019-03-08,3889.802213541667
2019-03-09,3886.9880208333334
2019-03-10,3874.259554036458
2019-03-11,3880.579541015625
2019-03-12,3882.343538411458
2019-03-13,3885.834163411458
2019-03-14,3890.7222819010417
2019-03-15,3897.797330729167
2019-03-16,3910.406803385417
2019-03-17,3921.127734375
2019-03-18,3933.4831705729166
2019-03-19,3954.1253743489583
2019-03-20,3966.8654622395834
2019-03-21,3975.2244140625
2019-03-22,3982.72333984375
2019-03-23,3991.7029947916667
2019-03-24,3995.6266276041665
2019-03-25,3996.3913411458334
2019-03-26,4001.714908854167
2019-03-27,4013.5755696614583
2019-03-28,4024.4015625
2019-03-29,4036.001920572917
2019-03-30,4045.7185221354166
2019-03-31,4049.4970865885416
2019-04-01,4058.360693359375
2019-04-02,4114.852067057292
2019-04-03,4174.974186197916
2019-04-04,4230.662353515625
2019-04-05,4297.819303385417
2019-04-06,4366.875911458334
2019-04-07,4444.413948567709
2019-04-08,4528.92080078125
2019-04-09,4611.713330078125
2019-04-10,4701.011393229167
2019-04-11,4766.172835286458
2019-04-12,4834.201627604167
2019-04-13,4900.749088541666
2019-04-14,4971.486555989583
2019-04-15,5035.600162760416
2019-04-16,5107.425260416667
2019-04-17,5132.229264322917
2019-04-18,5153.920182291667
2019-04-19,5179.32109375
2019-04-20,5199.401432291666
2019-04-21,5216.382356770833
2019-04-22,5229.746907552083
2019-04-23,5248.586328125
2019-04-24,5265.913541666667
2019-04-25,5258.3111328125
2019-04-26,5272.63515625
2019-04-27,5284.551953125
2019-04-28,5297.122135416666
2019-04-29,5302.430826822917
2019-04-30,5321.338704427083
2019-05-01,5332.481217447917
2019-05-02,5349.370930989583
2019-05-03,5380.6978515625
2019-05-04,5415.854850260416
2019-05-05,5446.376334635416
2019-05-06,5475.1947265625
2019-05-07,5503.870475260416
2019-05-08,5531.21015625
2019-05-09,5578.520963541667
2019-05-10,5656.40986328125
2019-05-11,5784.771419270834
2019-05-12,5898.376790364583
2019-05-13,6067.028515625
2019-05-14,6250.166080729166
2019-05-15,6440.462174479167
2019-05-16,6605.94296875
2019-05-17,6728.51708984375
2019-05-18,6828.711653645833
2019-05-19,6986.47978515625
2019-05-20,7131.986490885417
2019-05-21,7279.754524739584
2019-05-22,7403.125520833333
2019-05-23,7529.75146484375
2019-05-24,7650.607649739583
2019-05-25,7762.1873046875
2019-05-26,7860.08359375
2019-05-27,7982.310709635417
2019-05-28,8042.64716796875
2019-05-29,8086.98525390625
2019-05-30,8094.60556640625
2019-05-31,8140.57841796875
2019-06-01,8221.91982421875
2019-06-02,8320.036490885417
2019-06-03,8320.790201822916
2019-06-04,8302.754329427084
2019-06-05,8293.48125
2019-06-06,8302.945052083332
2019-06-07,8313.752018229166
2019-06-08,8311.535774739583
2019-06-09,8287.23798828125
2019-06-10,8242.37890625
2019-06-11,8183.84130859375
2019-06-12,8145.56767578125
2019-06-13,8116.99677734375
2019-06-14,8141.954134114583
2019-06-15,8159.545670572917
2019-06-16,8188.243782552084
2019-06-17,8226.736751302084
2019-06-18,8284.921256510417
2019-06-19,8389.304622395834
2019-06-20,8502.833203125
2019-06-21,8657.66875
2019-06-22,8834.851432291667
2019-06-23,9028.267643229166
2019-06-24,9249.802669270834
2019-06-25,9502.50849609375
2019-06-26,9841.74296875
2019-06-27,10044.20625
2019-06-28,10322.633463541666
2019-06-29,10540.336002604166
2019-06-30,10672.2546875
2019-07-01,10778.164453125
2019-07-02,10876.919466145833
2019-07-03,11068.886588541667
2019-07-04,11198.34765625
2019-07-05,11295.1009765625
2019-07-06,11366.033919270832
2019-07-07,11415.977604166666
2019-07-08,11511.350065104167
2019-07-09,11615.530729166667
2019-07-10,11639.903776041667
2019-07-11,11529.399153645832
2019-07-12,11571.6111328125
2019-07-13,11503.947591145834
2019-07-14,11390.393424479167
2019-07-15,11395.5890625
2019-07-16,11321.889518229167
2019-07-17,11248.031184895834
2019-07-18,11161.712044270833
2019-07-19,11116.0650390625
2019-07-20,11101.977018229167
2019-07-21,11061.347330729166
2019-07-22,10987.497981770834
2019-07-23,10828.485286458334
2019-07-24,10644.359505208333
2019-07-25,10494.714778645834
2019-07-26,10395.490885416666
2019-07-27,10239.603645833333
2019-07-28,10116.969075520834
2019-07-29,10067.841536458332
2019-07-30,9981.997135416666
2019-07-31,10022.529557291668
2019-08-01,10069.5873046875
2019-08-02,10059.700130208334
2019-08-03,10079.099739583333
2019-08-04,10092.636067708334
2019-08-05,10173.072591145834
2019-08-06,10248.743424479168
2019-08-07,10384.823502604168
2019-08-08,10528.455598958333
2019-08-09,10658.528580729168
2019-08-10,10757.443294270834
2019-08-11,10893.83671875
2019-08-12,11015.820442708333
2019-08-13,11107.5994140625
2019-08-14,11137.218098958334
2019-08-15,11152.279296875
2019-08-16,11150.590625
2019-08-17,11131.495247395833
2019-08-18,11099.767513020834
2019-08-19,11096.1587890625
2019-08-20,11026.6640625
2019-08-21,10937.322786458333
2019-08-22,10816.595247395833
2019-08-23,10712.699088541667
2019-08-24,10599.1673828125
2019-08-25,10518.13359375
2019-08-26,10441.2830078125
2019-08-27,10361.475260416666
2019-08-28,10285.3814453125
2019-08-29,10249.281184895834
2019-08-30,10201.723046875
2019-08-31,10152.1447265625
2019-09-01,10120.559830729168
2019-09-02,10120.623177083333
2019-09-03,10101.122265625
2019-09-04,10089.872981770834
2019-09-05,10119.038541666667
2019-09-06,10133.855013020833
2019-09-07,10141.141015625
2019-09-08,10159.895377604167
2019-09-09,10172.992513020834
2019-09-10,10156.002864583334
2019-09-11,10155.527669270834
2019-09-12,10199.241276041666
2019-09-13,10255.9310546875
2019-09-14,10306.589388020833
2019-09-15,10354.392643229166
2019-09-16,10388.980859375
2019-09-17,10381.948307291666
2019-09-18,10353.5955078125
2019-09-19,10331.7236328125
2019-09-20,10305.464192708334
2019-09-21,10283.225130208333
2019-09-22,10253.434309895832
2019-09-23,10205.970833333333
2019-09-24,10091.676953125
2019-09-25,9983.078125
2019-09-26,9845.784505208334
2019-09-27,9701.899088541666
2019-09-28,9560.9236328125
2019-09-29,9410.666080729166
2019-09-30,9273.743098958334
2019-10-01,9144.841927083333
2019-10-02,9021.6265625
2019-10-03,8892.409505208334
2019-10-04,8755.044466145833
2019-10-05,8619.701725260416
2019-10-06,8484.264322916666
2019-10-07,8362.613020833332
2019-10-08,8262.576953125
2019-10-09,8260.921875
2019-10-10,8267.55390625
2019-10-11,8281.073177083334
2019-10-12,8286.7205078125
2019-10-13,8291.7265625
2019-10-14,8309.7599609375
2019-10-15,8303.860026041666
2019-10-16,8284.143391927084
2019-10-17,8264.868001302084
2019-10-18,8245.7490234375
2019-10-19,8231.257096354168
2019-10-20,8235.962272135417
2019-10-21,8252.999934895834
2019-10-22,8241.838606770832
2019-10-23,8194.231184895832
2019-10-24,8120.74775390625
2019-10-25,8125.69619140625
2019-10-26,8187.243912760417
2019-10-27,8268.254524739583
2019-10-28,8330.59736328125
2019-10-29,8400.797428385416
2019-10-30,8467.487923177083
2019-10-31,8544.291796875
2019-11-01,8621.438020833333
2019-11-02,8711.538704427083
2019-11-03,8794.65830078125
2019-11-04,8874.02724609375
2019-11-05,8947.281022135418
2019-11-06,9032.792805989584
2019-11-07,9149.652115885418
2019-11-08,9237.078255208333
2019-11-09,9247.270377604167
2019-11-10,9234.640625
2019-11-11,9181.712174479168
2019-11-12,9152.346419270832
2019-11-13,9111.051432291666
2019-11-14,9077.8759765625
2019-11-15,9030.703125
2019-11-16,8983.346875
2019-11-17,8933.5640625
2019-11-18,8871.826171875
2019-11-19,8791.395052083333
2019-11-20,8703.711100260416
2019-11-21,8589.169108072916
2019-11-22,8457.770182291666
2019-11-23,8363.964583333332
2019-11-24,8246.253580729166
2019-11-25,8118.9607421875
2019-11-26,8016.332942708334
2019-11-27,7930.733040364584
2019-11-28,7841.055924479167
2019-11-29,7777.93251953125
2019-11-30,7716.44169921875
2019-12-01,7641.343815104166
2019-12-02,7557.611328125
2019-12-03,7491.668619791667
2019-12-04,7428.06123046875
2019-12-05,7389.4638671875
2019-12-06,7383.080305989583
2019-12-07,7400.390983072916
2019-12-08,7411.494205729166
2019-12-09,7435.0263671875
2019-12-10,7443.825423177083
2019-12-11,7443.7625
2019-12-12,7424.527213541666
2019-12-13,7411.632454427084
2019-12-14,7369.194466145834
2019-12-15,7341.372591145833
2019-12-16,7308.585123697917
2019-12-17,7263.153580729167
2019-12-18,7260.2640625
2019-12-19,7256.984700520833
2019-12-20,7241.685286458333
2019-12-21,7217.962760416666
2019-12-22,7214.986165364583
2019-12-23,7201.071712239584
2019-12-24,7195.847233072916
2019-12-25,7195.649641927083
2019-12-26,7197.085611979167
2019-12-27,7200.215885416666
2019-12-28,7203.436263020833
2019-12-29,7223.301529947917
2019-12-30,7232.681087239584
2019-12-31,7250.088997395834
2020-01-01,7287.399609375
2020-01-02,7267.97744140625
2020-01-03,7277.44677734375
2020-01-04,7290.2361328125
2020-01-05,7304.91337890625
2020-01-06,7322.088736979166
2020-01-07,7375.95966796875
2020-01-08,7426.448372395834
2020-01-09,7466.709407552084
2020-01-10,7528.548567708333
2020-01-11,7578.378515625
2020-01-12,7636.678776041666
2020-01-13,7684.78154296875
2020-01-14,7787.09951171875
2020-01-15,7894.660286458334
2020-01-16,7996.234407552083
2020-01-17,8125.805598958334
2020-01-18,8232.33388671875
2020-01-19,8318.7064453125
2020-01-20,8401.794791666667
2020-01-21,8466.906477864582
2020-01-22,8501.385384114583
2020-01-23,8523.162239583333
2020-01-24,8560.919791666667
2020-01-25,8574.33935546875
2020-01-26,8611.625520833333
2020-01-27,8659.447200520834
2020-01-28,8740.406901041666
2020-01-29,8772.997916666667
2020-01-30,8819.796744791667
2020-01-31,8861.579622395833
2020-02-01,8892.502083333333
2020-02-02,8919.272526041666
2020-02-03,8958.424283854167
2020-02-04,8993.3123046875
2020-02-05,9051.147591145833
2020-02-06,9121.0759765625
2020-02-07,9213.7044921875
2020-02-08,9308.350130208333
2020-02-09,9424.938541666666
2020-02-10,9508.923958333333
2020-02-11,9595.485091145832
2020-02-12,9659.982747395834
2020-02-13,9719.832747395832
2020-02-14,9773.374283854168
2020-02-15,9809.300651041667
2020-02-16,9845.404557291668
2020-02-17,9868.456380208334
2020-02-18,9925.021354166667
2020-02-19,9955.182942708334
2020-02-20,9954.853059895833
2020-02-21,9951.962369791667
2020-02-22,9943.111588541668
2020-02-23,9947.071354166666
2020-02-24,9915.971419270832
2020-02-25,9881.6443359375
2020-02-26,9789.130078125
2020-02-27,9686.359375
2020-02-28,9583.564388020834
2020-02-29,9469.390559895834
2020-03-01,9380.925846354166
2020-03-02,9309.9416015625
2020-03-03,9249.784505208334
2020-03-04,9157.334505208333
2020-03-05,9120.3595703125
2020-03-06,9087.9642578125
2020-03-07,9036.1984375
2020-03-08,8932.527408854166
2020-03-09,8799.136002604168
2020-03-10,8683.106315104167
2020-03-11,8587.754654947918
2020-03-12,8331.105696614582
2020-03-13,8116.386555989583
2020-03-14,7884.91396484375
2020-03-15,7671.101041666667
2020-03-16,7434.56943359375
2020-03-17,7191.6333984375
2020-03-18,6955.010221354167
2020-03-19,6784.07333984375
2020-03-20,6592.074381510417
2020-03-21,6396.242415364583
2020-03-22,6190.929134114584
2020-03-23,6078.1423828125
2020-03-24,5998.886328125
2020-03-25,5916.975227864584
2020-03-26,5837.309244791667
2020-03-27,5937.24326171875
2020-03-28,5982.475716145834
2020-03-29,6030.5875
2020-03-30,6099.75595703125
2020-03-31,6194.700260416666
2020-04-01,6286.776725260416
2020-04-02,6390.455794270833
2020-04-03,6426.602083333333
2020-04-04,6471.1853515625
2020-04-05,6511.58955078125
2020-04-06,6607.69130859375
2020-04-07,6658.364615885416
2020-04-08,6698.317610677083
2020-04-09,6739.719368489584
2020-04-10,6749.656217447917
2020-04-11,6775.608528645834
2020-04-12,6824.201725260416
2020-04-13,6885.734700520833
2020-04-14,6913.2404296875
2020-04-15,6926.80478515625
2020-04-16,6960.806640625
2020-04-17,6980.977311197917
2020-04-18,7015.929166666667
2020-04-19,7037.388997395833
2020-04-20,7043.444270833334
2020-04-21,7017.3470703125
2020-04-22,7013.399934895833
2020-04-23,7019.775
2020-04-24,7036.362434895834
2020-04-25,7083.32529296875
2020-04-26,7138.04423828125
2020-04-27,7193.0115234375
2020-04-28,7257.146256510417
2020-04-29,7387.720279947916
2020-04-30,7522.149869791667
2020-05-01,7638.680696614583
2020-05-02,7764.84150390625
2020-05-03,7874.161751302084
2020-05-04,7989.043717447917
2020-05-05,8130.451171875
2020-05-06,8289.680403645832
2020-05-07,8478.63447265625
2020-05-08,8639.497233072916
2020-05-09,8775.696940104166
2020-05-10,8854.79658203125
2020-05-11,8916.25849609375
2020-05-12,8983.516927083334
2020-05-13,9081.0455078125
2020-05-14,9143.2244140625
2020-05-15,9187.867317708333
2020-05-16,9222.017122395833
2020-05-17,9267.493294270833
2020-05-18,9322.767057291667
2020-05-19,9377.192643229168
2020-05-20,9411.853385416667
2020-05-21,9399.38671875
2020-05-22,9348.123958333334
2020-05-23,9305.898697916668
2020-05-24,9252.330143229166
2020-05-25,9262.363736979167
2020-05-26,9277.914192708333
2020-05-27,9303.016861979168
2020-05-28,9320.0677734375
2020-05-29,9300.4279296875
2020-05-30,9325.2423828125
2020-05-31,9330.845377604166
2020-06-01,9363.947330729166
2020-06-02,9350.829231770833
2020-06-03,9346.007877604166
2020-06-04,9364.518229166666
2020-06-05,9403.436328125
2020-06-06,9434.8431640625
2020-06-07,9471.480859375
2020-06-08,9536.888932291668
2020-06-09,9596.139973958334
2020-06-10,9665.1427734375
2020-06-11,9674.527018229166
2020-06-12,9671.533203125
2020-06-13,9673.943424479166
2020-06-14,9653.035026041667
2020-06-15,9652.344596354167
2020-06-16,9610.394986979167
2020-06-17,9607.091731770834
2020-06-18,9590.7666015625
2020-06-19,9556.592057291668
2020-06-20,9534.379231770834
2020-06-21,9511.042578125
2020-06-22,9503.700260416666
2020-06-23,9494.244856770832
2020-06-24,9462.105533854166
2020-06-25,9421.753450520833
2020-06-26,9411.162565104167
2020-06-27,9382.132356770833
2020-06-28,9360.0193359375
2020-06-29,9346.957096354166
2020-06-30,9326.109830729167
2020-07-01,9305.463216145834
2020-07-02,9281.673567708332
2020-07-03,9260.037760416666
2020-07-04,9249.669075520833
2020-07-05,9232.442513020833
2020-07-06,9237.232161458332
2020-07-07,9210.802799479166
2020-07-08,9197.381119791668
2020-07-09,9195.004947916666
2020-07-10,9195.937890625
2020-07-11,9201.0998046875
2020-07-12,9216.507096354168
2020-07-13,9223.175911458333
2020-07-14,9226.666536458333
2020-07-15,9230.322786458333
2020-07-16,9223.916276041668
2020-07-17,9225.781770833333
2020-07-18,9230.564192708332
2020-07-19,9234.119466145834
2020-07-20,9240.138736979166
2020-07-21,9240.099609375
2020-07-22,9258.305338541666
2020-07-23,9268.487955729166
2020-07-24,9285.749609375
2020-07-25,9312.3033203125
2020-07-26,9356.624674479166
2020-07-27,9470.9162109375
2020-07-28,9582.196809895833
2020-07-29,9706.013736979166
2020-07-30,9833.905533854168
2020-07-31,9979.988151041667
2020-08-01,10153.8681640625
2020-08-02,10280.173111979168
2020-08-03,10417.541861979167
2020-08-04,10553.652604166668
2020-08-05,10711.794921875
2020-08-06,10862.088932291666
2020-08-07,10996.782291666666
2020-08-08,11144.592513020832
2020-08-09,11277.834244791668
2020-08-10,11409.3638671875
2020-08-11,11437.340690104167
2020-08-12,11482.148111979166
2020-08-13,11527.726106770833
2020-08-14,11571.569921875
2020-08-15,11607.718684895834
2020-08-16,11616.5994140625
2020-08-17,11696.651953125
2020-08-18,11746.3109375
2020-08-19,11783.136979166668
2020-08-20,11791.893619791666
2020-08-21,11779.4080078125
2020-08-22,11784.76484375
2020-08-23,11778.818294270834
2020-08-24,11785.408723958333
2020-08-25,11751.276953125
2020-08-26,11756.466145833334
2020-08-27,11739.030338541666
2020-08-28,11722.921158854168
2020-08-29,11705.4541015625
2020-08-30,11695.174609375
2020-08-31,11681.0423828125
2020-09-01,11662.114127604167
2020-09-02,11623.6341796875
2020-09-03,11522.768424479167
2020-09-04,11431.664518229167
2020-09-05,11336.803059895834
2020-09-06,11243.371484375
2020-09-07,11157.019205729166
2020-09-08,11047.480598958333
2020-09-09,10972.561458333334
2020-09-10,10897.546484375
2020-09-11,10836.04765625
2020-09-12,10762.6923828125
2020-09-13,10683.818424479166
2020-09-14,10615.1072265625
2020-09-15,10556.1826171875
2020-09-16,10489.811067708333
2020-09-17,10458.808138020833
2020-09-18,10505.427408854166
2020-09-19,10544.262955729168
2020-09-20,10595.509895833333
2020-09-21,10607.637109375
2020-09-22,10618.896875
2020-09-23,10626.541536458333
2020-09-24,10661.056119791667
2020-09-25,10683.027994791666
2020-09-26,10706.348567708334
2020-09-27,10728.555143229167
2020-09-28,10754.281575520834
2020-09-29,10765.2017578125
2020-09-30,10764.37109375
2020-10-01,10740.67421875
2020-10-02,10715.806510416667
2020-10-03,10689.4560546875
2020-10-04,10661.1384765625
2020-10-05,10651.4763671875
2020-10-06,10660.952799479166
2020-10-07,10669.653385416666
2020-10-08,10714.286653645833
2020-10-09,10734.579427083334
2020-10-10,10774.822395833333
2020-10-11,10817.0529296875
2020-10-12,10869.0591796875
2020-10-13,10916.808984375
2020-10-14,10955.800065104168
2020-10-15,11003.190625
2020-10-16,11050.0353515625
2020-10-17,11102.1771484375
2020-10-18,11164.445833333333
2020-10-19,11235.9427734375
2020-10-20,11310.809114583333
2020-10-21,11458.761328125
2020-10-22,11611.889518229167
2020-10-23,11746.279752604167
2020-10-24,11882.520052083333
2020-10-25,11998.17421875
2020-10-26,12110.911979166667
2020-10-27,12250.835677083332
2020-10-28,12373.861393229166
2020-10-29,12507.753125
2020-10-30,12644.497981770834
2020-10-31,12808.422786458334
2020-11-01,12967.023307291667
2020-11-02,13104.831966145834
2020-11-03,13252.049544270832
2020-11-04,13399.874348958334
2020-11-05,13583.618294270833
2020-11-06,13756.950911458332
2020-11-07,13883.765234375
2020-11-08,14041.865559895834
2020-11-09,14195.275
2020-11-10,14342.985286458334
2020-11-11,14479.460026041666
2020-11-12,14679.797265625
2020-11-13,14871.792317708334
2020-11-14,15039.900065104166
2020-11-15,15184.872916666667
2020-11-16,15383.473046875
2020-11-17,15656.467513020832
2020-11-18,15913.381184895834
2020-11-19,16158.9400390625
2020-11-20,16361.704427083334
2020-11-21,16566.79453125
2020-11-22,16802.544401041665
2020-11-23,16994.847981770832
2020-11-24,17246.524609375
2020-11-25,17475.939192708334
2020-11-26,17572.558072916665
2020-11-27,17628.028645833332
2020-11-28,17721.335677083334
2020-11-29,17861.958723958334
2020-11-30,18106.641927083332
2020-12-01,18245.767708333333
2020-12-02,18349.480078125
2020-12-03,18458.90625
2020-12-04,18517.751302083332
2020-12-05,18553.279036458334
2020-12-06,18600.13828125
2020-12-07,18654.913541666665
2020-12-08,18652.0484375
2020-12-09,18615.145182291668
2020-12-10,18584.003255208332
2020-12-11,18644.555338541668
2020-12-12,18757.572265625
2020-12-13,18852.570182291667
2020-12-14,18923.847526041667
2020-12-15,18909.930208333335
2020-12-16,19077.103515625
2020-12-17,19317.374869791667
2020-12-18,19563.545703125
2020-12-19,19908.216796875
2020-12-20,20196.42109375
2020-12-21,20426.951822916668
2020-12-22,20733.045052083333
2020-12-23,21061.058463541667
2020-12-24,21406.52734375
2020-12-25,21833.180598958334
2020-12-26,22391.722786458333
2020-12-27,22889.63203125
2020-12-28,23419.127083333333
2020-12-29,23960.179947916666
2020-12-30,24588.438411458334
2020-12-31,25101.179947916666
2021-01-01,25539.112630208332
2021-01-02,26138.399739583332
2021-01-03,26732.545833333334
2021-01-04,27298.853776041666
2021-01-05,28044.810286458334
2021-01-06,28914.232552083333
2021-01-07,29989.545703125
2021-01-08,31126.989713541665
2021-01-09,32166.306770833333
2021-01-10,32960.93372395833
2021-01-11,33580.5578125
2021-01-12,34036.43463541667
2021-01-13,34700.02942708333
2021-01-14,35389.787760416664
2021-01-15,35911.36419270833
2021-01-16,36364.96341145833
2021-01-17,36609.230729166666
2021-01-18,36865.76744791667
2021-01-19,37138.96015625
2021-01-20,37242.648177083334
2021-01-21,36842.73723958333
2021-01-22,36418.38515625
2021-01-23,35836.387369791664
2021-01-24,35305.376171875
2021-01-25,34906.03958333333
2021-01-26,34706.25247395833
2021-01-27,34473.558203125
2021-01-28,34216.87408854167
2021-01-29,33892.14466145833
2021-01-30,33721.755078125
2021-01-31,33517.50299479167
2021-02-01,33367.22955729167
2021-02-02,33292.57721354167
2021-02-03,33386.062890625
2021-02-04,33477.95065104167
2021-02-05,33965.85794270833
2021-02-06,34383.20794270833
2021-02-07,34838.92786458333
2021-02-08,35766.06692708333
2021-02-09,36707.04778645833
2021-02-10,37530.27005208333
2021-02-11,38695.3890625
2021-02-12,39631.305989583336
2021-02-13,40483.91458333333
2021-02-14,41447.098958333336
2021-02-15,42435.812239583334
2021-02-16,43479.991927083334
2021-02-17,44589.23984375
2021-02-18,45536.4203125
2021-02-19,46800.55807291667
2021-02-20,47997.57213541667
2021-02-21,49215.834375
2021-02-22,50236.09296875
2021-02-23,50411.290364583336
2021-02-24,50626.23880208333
2021-02-25,50771.28333333333
2021-02-26,50666.6453125
2021-02-27,50578.885416666664
2021-02-28,50447.70234375
2021-03-01,50508.632552083334
2021-03-02,50537.561197916664
2021-03-03,50626.7859375
2021-03-04,50387.59661458333
2021-03-05,50204.09713541667
2021-03-06,49739.047135416666
2021-03-07,49412.85859375
2021-03-08,49059.96380208333
2021-03-09,49101.08359375
2021-03-10,49580.02526041667
2021-03-11,50120.01119791667
2021-03-12,50802.56041666667
2021-03-13,51796.11536458333
2021-03-14,52670.37291666667
2021-03-15,53388.33489583333
2021-03-16,53866.57890625
2021-03-17,54566.039322916666
2021-03-18,55054.084635416664
2021-03-19,55706.45026041667
2021-03-20,56332.20625
2021-03-21,56906.27552083333
2021-03-22,57127.77239583333
2021-03-23,57293.933854166666
2021-03-24,57157.277083333334
2021-03-25,56870.317708333336
2021-03-26,56692.46380208333
2021-03-27,56601.891927083336
2021-03-28,56249.06927083333
2021-03-29,56145.59479166667
2021-03-30,56346.294270833336
2021-03-31,56487.222916666666
2021-04-01,56502.2171875
2021-04-02,56603.909895833334
2021-04-03,56554.39244791667
2021-04-04,56584.053125
2021-04-05,56686.350260416664
2021-04-06,56930.56458333333
2021-04-07,57017.89739583333
2021-04-08,57387.8765625
2021-04-09,57823.9328125
2021-04-10,58134.32760416667
2021-04-11,58416.424479166664
2021-04-12,58679.27161458333
2021-04-13,59062.82213541667
2021-04-14,59342.2890625
2021-04-15,59635.301041666666
2021-04-16,59800.43307291667
2021-04-17,59887.06692708333
2021-04-18,59794.553125
2021-04-19,59592.2671875
2021-04-20,59419.944010416664
2021-04-21,59134.192708333336
2021-04-22,58848.41510416667
2021-04-23,58366.39505208333
2021-04-24,57820.11927083333
2021-04-25,57100.85390625
2021-04-26,56688.63984375
2021-04-27,56364.617447916666
2021-04-28,55786.033854166664
2021-04-29,55149.06145833333
2021-04-30,54778.1390625
2021-05-01,54528.48984375
2021-05-02,54258.30703125
2021-05-03,54323.914322916666
2021-05-04,54164.532552083336
2021-05-05,54227.930989583336
2021-05-06,54393.959375
2021-05-07,54766.90130208333
2021-05-08,55280.90963541667
2021-05-09,55826.339583333334
2021-05-10,56283.37578125
2021-05-11,56462.23046875
2021-05-12,56070.058333333334
2021-05-13,55729.490885416664
2021-05-14,55484.519270833334
2021-05-15,54751.85338541667
2021-05-16,53993.72057291667
2021-05-17,53120.816145833334
2021-05-18,52168.090104166666
2021-05-19,51079.350260416664
2021-05-20,49969.932291666664
2021-05-21,48697.14401041667
2021-05-22,47375.82604166667
2021-05-23,45773.613020833334
2021-05-24,44471.85729166667
2021-05-25,43308.01901041667
2021-05-26,42147.32734375
2021-05-27,41433.089583333334
2021-05-28,40498.5171875
2021-05-29,39480.8859375
2021-05-30,38742.08203125
2021-05-31,38133.868489583336
2021-06-01,37677.02942708333
2021-06-02,37321.41458333333
2021-06-03,37468.50286458333
2021-06-04,37209.28072916667
2021-06-05,37092.43177083333
2021-06-06,36980.81484375
2021-06-07,36900.156510416666
2021-06-08,36551.26666666667
2021-06-09,36480.793229166666
2021-06-10,36308.019791666666
2021-06-11,36234.51510416667
2021-06-12,36224.842447916664
2021-06-13,36523.628645833334
2021-06-14,36826.31848958333
2021-06-15,37031.21276041667
2021-06-16,37142.021875
2021-06-17,37173.91015625
2021-06-18,36945.808854166666
2021-06-19,36860.57317708333
2021-06-20,36870.32916666667
2021-06-21,36591.283463541666
2021-06-22,36520.947005208334
2021-06-23,36537.639973958336
2021-06-24,36358.79440104167
2021-06-25,36021.13984375
2021-06-26,35677.93177083333
2021-06-27,35617.74036458333
2021-06-28,35306.83880208333
2021-06-29,35016.7921875
2021-06-30,34659.09661458333
2021-07-01,34340.766927083336
2021-07-02,34063.66979166667
2021-07-03,33989.08984375
2021-07-04,33967.2171875
2021-07-05,33837.06432291667
2021-07-06,34007.631119791666
2021-07-07,34097.608984375
2021-07-08,34041.23190104167
2021-07-09,33983.603515625
2021-07-10,34109.11953125
2021-07-11,34246.046875
2021-07-12,34146.46041666667
2021-07-13,34030.973046875
2021-07-14,33827.94440104167
2021-07-15,33610.60403645833
2021-07-16,33467.232161458334
2021-07-17,33309.63359375
2021-07-18,33118.18450520833
2021-07-19,32820.187890625
2021-07-20,32557.610807291665
2021-07-21,32415.97734375
2021-07-22,32313.1625
2021-07-23,32360.1078125
2021-07-24,32393.070052083334
2021-07-25,32515.047916666666
2021-07-26,32721.537760416668
2021-07-27,33138.27734375
2021-07-28,33624.53606770833
2021-07-29,34103.607682291666
2021-07-30,34800.595442708334
2021-07-31,35480.905859375
2021-08-01,36043.69427083333
2021-08-02,36537.369921875
2021-08-03,37026.37981770833
2021-08-04,37689.056901041666
2021-08-05,38272.98098958333
2021-08-06,38973.207291666666
2021-08-07,39704.823958333334
2021-08-08,40338.535416666666
2021-08-09,41072.883072916666
2021-08-10,41622.716145833336
2021-08-11,42035.1625
2021-08-12,42330.6546875
2021-08-13,42849.64791666667
2021-08-14,43173.74114583333
2021-08-15,43535.12838541667
2021-08-16,43937.10104166667
2021-08-17,44303.32864583333
2021-08-18,44746.54244791667
2021-08-19,45211.2140625
2021-08-20,45775.85546875
2021-08-21,46181.78828125
2021-08-22,46499.51171875
2021-08-23,46882.71380208333
2021-08-24,46972.09479166667
2021-08-25,47197.1453125
2021-08-26,47287.05078125
2021-08-27,47595.74270833333
2021-08-28,47669.68151041667
2021-08-29,47785.207291666666
2021-08-30,47785.73932291667
2021-08-31,47863.21953125
2021-09-01,48139.997395833336
2021-09-02,48441.76640625
2021-09-03,48662.28619791667
2021-09-04,48702.64947916667
2021-09-05,48892.51067708333
2021-09-06,49113.30286458333
2021-09-07,48930.96822916667
2021-09-08,48823.31979166667
2021-09-09,48652.028645833336
2021-09-10,48514.80807291667
2021-09-11,48257.66067708333
2021-09-12,48068.38515625
2021-09-13,47810.601302083334
2021-09-14,47813.101822916666
2021-09-15,47880.4125
2021-09-16,47809.501302083336
2021-09-17,47672.15442708333
2021-09-18,47555.68697916667
2021-09-19,47376.7265625
2021-09-20,46782.752604166664
2021-09-21,45986.761979166666
2021-09-22,45770.98723958333
2021-09-23,45691.234375
2021-09-24,45454.45625
2021-09-25,45309.968489583334
2021-09-26,45177.10729166667
2021-09-27,44921.93802083333
2021-09-28,44660.0359375
2021-09-29,44291.49401041667
2021-09-30,43999.13046875
2021-10-01,44021.36927083333
2021-10-02,44050.9671875
2021-10-03,44045.73984375
2021-10-04,44169.25208333333
2021-10-05,44747.31953125
2021-10-06,45725.17109375
2021-10-07,46407.26953125
2021-10-08,47012.11953125
2021-10-09,47820.684375
2021-10-10,48624.35
2021-10-11,49576.1
2021-10-12,50496.45520833333
2021-10-13,51587.558854166666
2021-10-14,52638.03619791667
2021-10-15,53824.906510416666
2021-10-16,54676.5890625
2021-10-17,55599.39765625
2021-10-18,56521.139322916664
2021-10-19,57531.07864583333
2021-10-20,58496.28020833333
2021-10-21,58952.86171875
2021-10-22,59411.94713541667
2021-10-23,59906.9984375
2021-10-24,60304.50598958333
2021-10-25,60855.722395833334
2021-10-26,61047.655989583334
2021-10-27,61210.41119791667
2021-10-28,61425.147135416664
2021-10-29,61752.24322916667
2021-10-30,61771.902083333334
2021-10-31,61800.35390625
2021-11-01,61763.73984375
2021-11-02,61843.761458333334
2021-11-03,61757.63177083333
2021-11-04,61454.92473958333
2021-11-05,61382.625
2021-11-06,61438.305989583336
2021-11-07,61567.19739583333
2021-11-08,62009.596875
2021-11-09,62271.73046875
2021-11-10,62580.49296875
2021-11-11,63011.66458333333
2021-11-12,63247.2515625
2021-11-13,63396.6890625
2021-11-14,63635.222916666666
2021-11-15,63784.48385416667
2021-11-16,63728.273177083334
2021-11-17,63537.71380208333
2021-11-18,63135.853125
2021-11-19,62913.67630208333
2021-11-20,62818.44427083333
2021-11-21,62631.97734375
2021-11-22,62162.79739583333
2021-11-23,61496.28046875
2021-11-24,60783.5203125
2021-11-25,60268.81692708333
2021-11-26,59510.13723958333
2021-11-27,58887.41302083333
2021-11-28,58406.00833333333
2021-11-29,57895.3234375
2021-11-30,57458.49375
2021-12-01,57263.06588541667
2021-12-02,57003.71953125
2021-12-03,56780.79348958333
2021-12-04,56186.201822916664
2021-12-05,55497.6453125
2021-12-06,54954.45520833333
2021-12-07,54581.84166666667
2021-12-08,54110.88984375
2021-12-09,53537.00286458333
2021-12-10,52868.24453125
2021-12-11,52587.76067708333
2021-12-12,52273.311197916664
2021-12-13,51572.579427083336
2021-12-14,50826.3171875
2021-12-15,50285.736979166664
2021-12-16,49648.11015625
2021-12-17,48963.06536458333
2021-12-18,48513.10078125
2021-12-19,48346.85494791667
2021-12-20,48180.95026041667
2021-12-21,48071.216145833336
2021-12-22,47933.11119791667
2021-12-23,47951.76067708333
2021-12-24,48161.765625
2021-12-25,48374.20260416667
2021-12-26,48470.66979166667
2021-12-27,48506.80859375
2021-12-28,48563.56692708333
2021-12-29,48552.37213541667
2021-12-30,48437.79895833333
2021-12-31,48347.20026041667
2022-01-01,48446.178125
2022-01-02,48479.27421875
2022-01-03,48462.680989583336
2022-01-04,48397.16744791667
2022-01-05,48039.326822916664
2022-01-06,47674.82135416667
2022-01-07,47059.712239583336
2022-01-08,46453.82864583333
2022-01-09,45885.94479166667
2022-01-10,45286.727864583336
2022-01-11,44759.75703125
2022-01-12,44517.106770833336
2022-01-13,44260.230729166666
2022-01-14,43988.335677083334
2022-01-15,43779.73255208333
2022-01-16,43474.8703125
2022-01-17,43135.22578125
2022-01-18,42863.06015625
2022-01-19,42586.177083333336
2022-01-20,42393.6046875
2022-01-21,41946.69713541667
2022-01-22,41511.5203125
2022-01-23,41147.711197916666
2022-01-24,40797.226302083334
2022-01-25,40472.742447916666
2022-01-26,40080.493489583336
2022-01-27,39626.43567708333
2022-01-28,39305.953125
2022-01-29,38975.18515625
2022-01-30,38624.53203125
2022-01-31,38315.815104166664
2022-02-01,38081.99661458333
2022-02-02,37720.48671875
2022-02-03,37414.50494791667
2022-02-04,37469.20208333333
2022-02-05,37801.45859375
2022-02-06,38293.604166666664
2022-02-07,38797.836197916666
2022-02-08,39295.444010416664
2022-02-09,39787.76354166667
2022-02-10,40235.29635416667
2022-02-11,40586.60989583333
2022-02-12,40883.95234375
2022-02-13,41154.57473958333
2022-02-14,41465.8625
2022-02-15,41872.00104166667
2022-02-16,42219.90677083333
2022-02-17,42458.90859375
2022-02-18,42650.66692708333
2022-02-19,42558.75234375
2022-02-20,42358.1
2022-02-21,42002.28984375
2022-02-22,41632.00598958333
2022-02-23,41177.21432291667
2022-02-24,40776.80182291667
2022-02-25,40486.7421875
2022-02-26,40266.55625
2022-02-27,39964.24401041667
2022-02-28,40030.625260416666
2022-03-01,40148.47317708333
2022-03-02,40105.06744791667
2022-03-03,40004.39609375
2022-03-04,39911.03567708333
2022-03-05,39869.00963541667
2022-03-06,39755.531510416666
2022-03-07,39730.908854166664
2022-03-08,39841.70807291667
2022-03-09,40088.16796875
2022-03-10,40230.89401041667
2022-03-11,40261.71822916667
2022-03-12,40241.037760416664
2022-03-13,40157.33880208333
2022-03-14,40287.803385416664
2022-03-15,40030.840104166666
2022-03-16,39816.79296875
2022-03-17,39618.61041666667
2022-03-18,39575.23489583333
2022-03-19,39778.77135416667
2022-03-20,39901.920572916664
2022-03-21,40079.121354166666
2022-03-22,40365.57265625
2022-03-23,40642.618489583336
2022-03-24,40774.485677083336
2022-03-25,41101.903645833336
2022-03-26,41482.29401041667
2022-03-27,42010.059375
2022-03-28,42628.61536458333
2022-03-29,43148.547135416666
2022-03-30,43663.472395833334
2022-03-31,43956.45546875
2022-04-01,44311.80651041667
2022-04-02,44582.99270833333
2022-04-03,44867.18697916667
2022-04-04,45225.510416666664
2022-04-05,45524.04348958333
2022-04-06,45580.57213541667
2022-04-07,45621.298177083336
2022-04-08,45509.746875
2022-04-09,45405.307291666664
2022-04-10,45252.43020833333
2022-04-11,44765.85755208333
2022-04-12,44299.13619791667
2022-04-13,43879.202864583334
2022-04-14,43404.05963541667
2022-04-15,43071.712239583336
2022-04-16,42681.23489583333
2022-04-17,42271.101822916666
2022-04-18,41895.945052083334
2022-04-19,41554.61666666667
2022-04-20,41275.842447916664
2022-04-21,41097.217447916664
2022-04-22,40846.315625
2022-04-23,40659.58671875
2022-04-24,40438.73046875
2022-04-25,40322.10625
2022-04-26,40228.476822916666
2022-04-27,40169.405989583334
2022-04-28,40076.54583333333
2022-04-29,39988.16640625
2022-04-30,39798.927083333336
2022-05-01,39668.567708333336
2022-05-02,39589.39270833333
2022-05-03,39384.34192708333
2022-05-04,39264.05
2022-05-05,38944.10078125
2022-05-06,38645.0046875
2022-05-07,38362.446875
2022-05-08,38000.615885416664
2022-05-09,37389.1265625
2022-05-10,36760.09973958333
2022-05-11,36148.026041666664
2022-05-12,35468.468098958336
2022-05-13,34769.08645833333
2022-05-14,34201.84921875
2022-05-15,33774.53177083333
2022-05-16,33200.78671875
2022-05-17,32660.555338541668
2022-05-18,32058.543229166666
2022-05-19,31432.940755208332
2022-05-20,30941.3140625
2022-05-21,30500.734375
2022-05-22,30155.519010416665
2022-05-23,29824.828645833335
2022-05-24,29782.070833333335
2022-05-25,29684.701171875
2022-05-26,29706.759114583332
2022-05-27,29678.747265625
2022-05-28,29647.533723958335
2022-05-29,29603.846484375
2022-05-30,29631.931640625
2022-05-31,29760.5578125
2022-06-01,29718.77265625
2022-06-02,29835.253776041667
2022-06-03,29794.590885416666
2022-06-04,29836.735807291665
2022-06-05,29868.36484375
2022-06-06,29938.161458333332
2022-06-07,30075.266015625
2022-06-08,30112.517317708334
2022-06-09,30149.159765625
2022-06-10,30136.931770833333
2022-06-11,30119.147526041666
2022-06-12,29982.330729166668
2022-06-13,29518.426171875
2022-06-14,28883.786328125
2022-06-15,28269.154947916668
2022-06-16,27641.326302083333
2022-06-17,26974.925911458333
2022-06-18,26262.476041666665
2022-06-19,25643.833203125
2022-06-20,25023.358203125
2022-06-21,24312.686588541666
2022-06-22,23568.123307291666
2022-06-23,22959.558072916665
2022-06-24,22367.535286458333
2022-06-25,21862.104166666668
2022-06-26,21373.203125
2022-06-27,20971.391796875
2022-06-28,20824.274869791665
2022-06-29,20684.090234375
2022-06-30,20498.216015625
2022-07-01,20424.063802083332
2022-07-02,20342.115364583333
2022-07-03,20360.744270833333
2022-07-04,20339.276953125
2022-07-05,20311.982161458334
2022-07-06,20301.158723958335
2022-07-07,20411.195963541668
2022-07-08,20454.211979166666
2022-07-09,20478.248697916668
2022-07-10,20435.456119791666
2022-07-11,20365.006901041666
2022-07-12,20270.902604166666
2022-07-13,20266.331901041667
2022-07-14,20297.391666666666
2022-07-15,20367.4984375
2022-07-16,20495.56171875
2022-07-17,20598.034244791666
2022-07-18,20810.608463541666
2022-07-19,21021.153255208334
2022-07-20,21223.927734375
2022-07-21,21398.353255208334
2022-07-22,21470.179296875
2022-07-23,21519.13671875
2022-07-24,21586.933854166666
2022-07-25,21620.350651041666
2022-07-26,21704.963802083334
2022-07-27,21945.406119791667
2022-07-28,22187.526953125
2022-07-29,22403.174479166668
2022-07-30,22591.16640625
2022-07-31,22734.271744791666
2022-08-01,22903.262109375
2022-08-02,22936.090625
2022-08-03,22899.895572916666
2022-08-04,22859.843880208333
2022-08-05,22868.15625
2022-08-06,22884.576302083333
2022-08-07,22931.937109375
2022-08-08,23011.95859375
2022-08-09,23132.133072916666
2022-08-10,23312.658984375
2022-08-11,23381.124348958332
2022-08-12,23418.386458333334
2022-08-13,23459.682161458335
2022-08-14,23503.890625
2022-08-15,23557.229036458335
2022-08-16,23595.168489583335
2022-08-17,23619.027213541667
2022-08-18,23643.442578125
2022-08-19,23526.548958333333
2022-08-20,23384.998697916668
2022-08-21,23289.854817708332
2022-08-22,23171.389322916668
2022-08-23,23019.29609375
2022-08-24,22901.342838541666
2022-08-25,22744.893619791666
2022-08-26,22498.39296875
2022-08-27,22207.654296875
2022-08-28,21887.170703125
2022-08-29,21619.081380208332
2022-08-30,21329.737109375
2022-08-31,21074.168619791668
2022-09-01,20860.244791666668
2022-09-02,20644.047005208333
2022-09-03,20574.349348958334
2022-09-04,20495.726171875
2022-09-05,20380.942838541665
2022-09-06,20210.193489583333
2022-09-07,20061.009244791665
2022-09-08,19923.330208333333
2022-09-09,19908.680078125
2022-09-10,20003.381380208335
2022-09-11,20118.54921875
2022-09-12,20302.124869791667
2022-09-13,20302.0390625
2022-09-14,20331.6578125
2022-09-15,20308.420963541666
2022-09-16,20284.783854166668
2022-09-17,20295.304166666665
2022-09-18,20267.798697916667
2022-09-19,20238.293098958333
2022-09-20,20176.854296875
2022-09-21,20157.503125
2022-09-22,20165.718229166665
2022-09-23,20163.571875
2022-09-24,20000.629166666666
2022-09-25,19808.733072916668
2022-09-26,19638.960807291667
2022-09-27,19421.633984375
2022-09-28,19363.634895833333
2022-09-29,19319.098958333332
2022-09-30,19301.1375
2022-10-01,19270.43828125
2022-10-02,19198.20703125
2022-10-03,19211.811979166665
2022-10-04,19264.659635416665
2022-10-05,19349.321484375
2022-10-06,19443.191015625
2022-10-07,19452.077604166665
2022-10-08,19460.00625
2022-10-09,19493.9671875
2022-10-10,19516.59296875
2022-10-11,19505.176041666666
2022-10-12,19508.302604166667
2022-10-13,19505.381510416668
2022-10-14,19479.555208333335
2022-10-15,19455.278255208334
2022-10-16,19452.344791666666
2022-10-17,19486.121484375
2022-10-18,19466.843880208333
2022-10-19,19387.023307291667
2022-10-20,19313.224869791666
2022-10-21,19261.0265625
2022-10-22,19238.44921875
2022-10-23,19248.478515625
2022-10-24,19241.754947916666
2022-10-25,19305.379817708334
2022-10-26,19419.981380208334
2022-10-27,19495.207421875
2022-10-28,19576.037239583333
2022-10-29,19684.891927083332
2022-10-30,19789.423177083332
2022-10-31,19871.268489583334
2022-11-01,19933.56953125
2022-11-02,19988.575390625
2022-11-03,20059.938932291665
2022-11-04,20199.504947916666
2022-11-05,20340.186458333334
2022-11-06,20454.739583333332
2022-11-07,20523.793489583335
2022-11-08,20470.1734375
2022-11-09,20189.168294270832
2022-11-10,19976.9236328125
2022-11-11,19760.1541015625
2022-11-12,19507.0763671875
2022-11-13,19209.402278645834
2022-11-14,18941.575325520833
2022-11-15,18700.831315104166
2022-11-16,18446.4423828125
2022-11-17,18214.976627604166
2022-11-18,17980.829231770833
2022-11-19,17685.1169921875
2022-11-20,17352.393033854165
2022-11-21,17009.779557291666
2022-11-22,16715.576432291666
2022-11-23,16586.872135416666
2022-11-24,16635.1177734375
2022-11-25,16564.1224609375
2022-11-26,16526.1216796875
2022-11-27,16502.484440104166
2022-11-28,16493.414908854167
2022-11-29,16481.867122395834
2022-11-30,16500.797330729165
2022-12-01,16520.6435546875
2022-12-02,16547.386393229168
2022-12-03,16561.4169921875
2022-12-04,16589.3462890625
2022-12-05,16634.879231770832
2022-12-06,16721.693880208335
2022-12-07,16765.584375
2022-12-08,16807.102213541668
2022-12-09,16842.348046875
2022-12-10,16882.806901041666
2022-12-11,16925.467708333334
2022-12-12,16976.255078125
2022-12-13,17080.521484375
2022-12-14,17171.899348958334
2022-12-15,17184.9859375
2022-12-16,17163.676041666666
2022-12-17,17144.104817708332
2022-12-18,17134.0875
2022-12-19,17088.033723958335
2022-12-20,17083.465625
2022-12-21,17065.334375
2022-12-22,17064.148697916666
2022-12-23,17035.047265625
2022-12-24,17016.020833333332
2022-12-25,16996.904947916668
2022-12-26,16984.612369791666
2022-12-27,16951.994791666668
2022-12-28,16870.078385416666
2022-12-29,16791.8578125
2022-12-30,16741.039192708333
2022-12-31,16734.373307291666
2023-01-01,16723.039192708333
2023-01-02,16718.40546875
2023-01-03,16734.417317708332
2023-01-04,16731.546223958332
2023-01-05,16732.826302083333
2023-01-06,16740.934765625
2023-01-07,16751.476432291667
2023-01-08,16767.70234375
2023-01-09,16791.340234375
2023-01-10,16826.439453125
2023-01-11,16907.620963541667
2023-01-12,17062.088671875
2023-01-13,17279.904166666667
2023-01-14,17571.485026041668
2023-01-15,17860.371875
2023-01-16,18163.342057291666
2023-01-17,18461.5453125
2023-01-18,18728.806901041666
2023-01-19,19010.377213541666
2023-01-20,19399.698307291666
2023-01-21,19788.075390625
2023-01-22,20172.43125
2023-01-23,20561.983723958332
2023-01-24,20924.644661458333
2023-01-25,21302.749088541666
2023-01-26,21642.6078125
2023-01-27,21923.2171875
2023-01-28,22131.318229166667
2023-01-29,22317.869401041666
2023-01-30,22448.492057291667
2023-01-31,22579.802083333332
2023-02-01,22750.61875
2023-02-02,22936.158072916667
2023-02-03,23093.660026041667
2023-02-04,23137.346354166668
2023-02-05,23149.215755208334
2023-02-06,23151.861979166668
2023-02-07,23173.852604166666
2023-02-08,23194.047916666666
2023-02-09,23107.459895833334
2023-02-10,23015.353645833333
2023-02-11,22934.830078125
2023-02-12,22851.970963541666
2023-02-13,22720.873307291666
2023-02-14,22679.584375
2023-02-15,22757.48828125
2023-02-16,22750.801953125
2023-02-17,22823.717317708335
2023-02-18,22903.180989583332
2023-02-19,22969.567317708334
2023-02-20,23094.466145833332
2023-02-21,23206.215755208334
2023-02-22,23267.852604166666
2023-02-23,23335.058854166666
2023-02-24,23426.998046875
2023-02-25,23528.610807291665
2023-02-26,23641.3
2023-02-27,23756.94453125
2023-02-28,23846.227994791665
2023-03-01,23941.277734375
2023-03-02,23885.786067708334
2023-03-03,23801.733072916668
2023-03-04,23654.249609375
2023-03-05,23507.198697916665
2023-03-06,23380.673046875
2023-03-07,23206.714453125
2023-03-08,23025.496223958333
2023-03-09,22770.44140625
2023-03-10,22519.758203125
2023-03-11,22348.710416666665
2023-03-12,22281.28203125
2023-03-13,22323.703385416666
2023-03-14,22405.250260416666
2023-03-15,22487.157421875
2023-03-16,22580.906640625
2023-03-17,22844.1375
2023-03-18,23151.017447916667
2023-03-19,23530.039192708333
2023-03-20,23885.487369791666
2023-03-21,24268.557942708332
2023-03-22,24607.735807291665
2023-03-23,25048.7953125
2023-03-24,25524.146223958334
2023-03-25,26011.310416666667
2023-03-26,26502.105078125
2023-03-27,26833.834375
2023-03-28,27038.540885416667
2023-03-29,27278.698697916665
2023-03-30,27522.538802083334
2023-03-31,27750.918489583335
2023-04-01,27816.725520833334
2023-04-02,27898.954166666666
2023-04-03,27882.390494791667
2023-04-04,27909.1140625
2023-04-05,27909.25859375
2023-04-06,27958.372135416666
2023-04-07,27931.164583333335
2023-04-08,27961.465234375
2023-04-09,28017.354817708332
2023-04-10,28127.931510416667
2023-04-11,28334.276171875
2023-04-12,28525.670963541666
2023-04-13,28662.379296875
2023-04-14,28825.855078125
2023-04-15,28948.522526041666
2023-04-16,29075.477213541668
2023-04-17,29158.526302083334
2023-04-18,29332.3484375
2023-04-19,29375.987760416665
2023-04-20,29380.521354166667
2023-04-21,29329.37265625
2023-04-22,29322.148697916666
2023-04-23,29298.388020833332
2023-04-24,29244.540625
2023-04-25,29154.8484375
2023-04-26,29034.024609375
2023-04-27,28989.673567708334
2023-04-28,28919.086588541668
2023-04-29,28836.605859375
2023-04-30,28766.6265625
2023-05-01,28618.374088541666
2023-05-02,28567.406901041668
2023-05-03,28474.657291666666
2023-05-04,28476.326041666667
2023-05-05,28562.219140625
2023-05-06,28670.733333333334
2023-05-07,28713.231901041665
2023-05-08,28720.091145833332
2023-05-09,28728.986848958335
2023-05-10,28683.2640625
2023-05-11,28588.469921875
2023-05-12,28410.550130208332
2023-05-13,28240.137890625
2023-05-14,28085.614583333332
2023-05-15,27947.20703125
2023-05-16,27876.879166666666
2023-05-17,27791.430208333335
2023-05-18,27646.490234375
2023-05-19,27515.984765625
2023-05-20,27355.66484375
2023-05-21,27212.278385416666
2023-05-22,27105.364973958334
2023-05-23,27074.128515625
2023-05-24,26985.864713541665
2023-05-25,26909.494791666668
2023-05-26,26890.728255208334
2023-05-27,26894.952473958332
2023-05-28,26981.723697916666
2023-05-29,27036.0734375
2023-05-30,27070.050520833334
2023-05-31,27082.251041666666
2023-06-01,27043.662369791666
2023-06-02,27071.487760416665
2023-06-03,27083.82109375
2023-06-04,27083.119791666668
2023-06-05,27016.871223958333
2023-06-06,27042.704947916667
2023-06-07,26984.056380208334
2023-06-08,26995.616276041666
2023-06-09,26995.894140625
2023-06-10,26938.024088541668
2023-06-11,26876.145052083335
2023-06-12,26730.601953125
2023-06-13,26608.791536458335
2023-06-14,26436.946614583332
2023-06-15,26327.395703125
2023-06-16,26294.56171875
2023-06-17,26245.30078125
2023-06-18,26196.039713541668
2023-06-19,26178.170572916668
2023-06-20,26349.329947916667
2023-06-21,26535.230859375
2023-06-22,26772.983072916668
2023-06-23,27052.133203125
2023-06-24,27323.354557291666
2023-06-25,27631.955989583334
2023-06-26,27920.686848958332
2023-06-27,28239.731119791668
2023-06-28,28517.565625
2023-06-29,28872.27734375
2023-06-30,29199.001171875
2023-07-01,29483.175520833334
2023-07-02,29757.181770833333
2023-07-03,30078.530208333334
2023-07-04,30340.300390625
2023-07-05,30486.07890625
2023-07-06,30478.214973958333
2023-07-07,30506.880598958334
2023-07-08,30480.01875
2023-07-09,30454.8546875
2023-07-10,30450.468619791667
2023-07-11,30473.789973958334
2023-07-12,30454.022135416668
2023-07-13,30546.675651041667
2023-07-14,30539.256770833334
2023-07-15,30527.160416666666
2023-07-16,30504.430729166666
2023-07-17,30472.772005208335
2023-07-18,30386.113541666666
2023-07-19,30328.536328125
2023-07-20,30280.39296875
2023-07-21,30280.353385416667
2023-07-22,30242.322526041666
2023-07-23,30228.455729166668
2023-07-24,30162.167838541667
2023-07-25,30083.029166666667
2023-07-26,29998.630598958334
2023-07-27,29919.900130208334
2023-07-28,29776.11328125
2023-07-29,29710.969921875
2023-07-30,29642.93671875
2023-07-31,29575.001953125
2023-08-01,29543.658203125
2023-08-02,29496.684635416666
2023-08-05,29436.755598958334
2023-08-06,29356.83497179657
2023-08-07,29238.4555623484
2023-08-08,29090.978901998697
2023-08-09,28878.56388091611
2023-08-10,28667.830001402508
2023-08-11,28415.263952237194
2023-08-12,28111.172722491767
2023-08-13,27763.538933617507
2023-08-14,27347.305649235077
2023-08-15,26836.162941886974
2023-08-16,26185.935486309176
2023-08-17,25381.066388492145
2023-08-18,24442.80160337917
2023-08-19,23477.469182522567
2023-08-20,22481.423404904162
2023-08-21,21478.6240830112
2023-08-22,20475.817263690937
2023-08-23,19482.66005445707
2023-08-24,18507.096647829283
2023-08-25,17564.647441383826
2023-08-26,16636.451235766846
2023-08-27,15727.485302359897
2023-08-28,14848.921322934493
2023-08-29,14009.632777619217
2023-08-30,13241.75581784516
2023-08-31,12599.41288995695
2023-09-01,12098.477448004698
2023-09-02,11689.081529965
2023-09-03,11331.682837192351
